selected_indices_per_step,actual_rewards_per_step,predicted_rewards_per_step
"[0, 55, 57, 45, 23, 58, 30, 29, 56, 27, 26, 28, 15, 51, 40, 52, 41, 39, 50, 24, 54, 16, 21, 38, 37, 22, 34, 47, 19, 33, 20, 44, 43, 42, 12, 53, 36, 9, 48, 49, 46, 10, 8, 35, 2, 17, 6, 7, 4, 18, 1, 11, 14, 3, 13, 25, 31, 5, 32, 59]","[1, 2, 5, 3, 1, 3, 47, 63, 3, 73, 80, 81, 2, 77, 81, 6, 75, 73, 14, 15, 34, 8, 14, 46, 56, 6, 2, 3, 34, 1, 19, 42, 7, 27, 1, 31, 1, 5, 46, 2, 2, 1, 13, 24, 2, 2, 11, 13, 1, 6, 2, 3, 10, 2, 2, 1, 1, 2, 1, 2]","[1.0, 2.038221165333792, 4.25148696445296, 5.292569821396973, 9.733215700879828, 10.748022817876986, 39.815638176644306, 88.58928767093569, 47.523107913526374, 54.463364503208965, 58.307485045693916, 38.94394024013717, 46.34144044231992, 24.452573050335086, 60.68016606201131, 28.931667072803048, 33.88887055559331, 41.129124756424325, 59.33769011471839, 26.0304169894756, 25.446374181801502, 23.523383059366644, 21.979547051228035, 23.480284802607187, 30.584310255869976, 25.936012394743013, 19.59279494407733, 16.956779331111196, 16.74606296129452, 17.4832699349798, 16.99734166259235, 19.23818388113457, 15.511550324589834, 14.01431724020388, 13.071269014413637, 9.131493435309245, 5.4392986587574494, 2.1606321247240476, 5.925746376470637, 3.9593148248919032, -8.283921613786516, 1.2196972250821752, 4.212067614918517, -5.404463407174543, -3.265930696041874, -5.836387706134392, -9.550634742750034, -11.954241218897682, -3.034748511934744, -7.4864890405013185, -4.559853321320897, -15.20301655278133, -12.783335222951859, -15.984219663039358, -10.720553444843734, -13.206722357952422, -16.49250627668157, -16.338941101513917, -28.42771205027425]"
"[1, 9, 57, 59, 45, 56, 30, 29, 27, 26, 28, 58, 15, 51, 24, 22, 52, 21, 37, 34, 54, 38, 39, 40, 41, 50, 16, 12, 19, 20, 47, 33, 43, 44, 42, 36, 23, 53, 49, 55, 8, 46, 10, 0, 6, 48, 35, 2, 17, 7, 4, 18, 11, 14, 3, 13, 31, 25, 32, 5]","[2, 5, 5, 2, 3, 3, 47, 63, 73, 80, 81, 3, 2, 77, 15, 6, 6, 14, 56, 2, 34, 46, 73, 81, 75, 14, 8, 1, 34, 19, 3, 1, 7, 42, 27, 1, 1, 31, 2, 2, 13, 2, 1, 1, 11, 46, 24, 2, 2, 13, 1, 6, 3, 10, 2, 2, 1, 1, 1, 2]","[2.0, 11.737925955717113, 10.091274967935446, 10.040972610981207, 43.44606504980365, 37.06511523842586, 40.602583780021995, 49.86073068635701, 56.448643240364554, 61.07799442258598, 65.09966131840044, 47.65292747929444, 54.788594533593866, 70.20933505199736, 27.11617199360105, 28.609886417435565, 20.507549097001096, 19.966917028542838, 27.26360191221434, 25.322774124136377, 28.005678135230692, 19.359955661478566, 26.056260079597806, 32.05076707058374, 33.34119604345496, 24.432844457276154, 21.565602525142534, 19.855511544543383, 19.954451537934396, 19.398861612034374, 17.735790266172863, 16.013675311669882, 14.246298417505049, 17.76599091243995, 16.438856388793834, 13.264358326889674, 12.42361683263594, 5.979152677064102, 5.401802334659296, 4.820175542692583, 5.663394021880256, 3.4854291369001995, 2.338842191405547, 1.5327966563082214, 1.7238840610967632, 5.374864290167672, -0.6741402686416187, -0.20743464746987073, -1.1084661125582649, -4.185214139575258, -2.0505349611384673, -5.692513019721577, -1.682532295906931, -7.682702993214498, -13.998768338530859, -13.636663060692374, -9.48083110588476, -17.181257033846293, -19.413877745354633]"
"[2, 56, 52, 45, 48, 34, 23, 5, 25, 47, 35, 44, 54, 55, 43, 57, 42, 36, 37, 30, 27, 28, 26, 29, 51, 15, 24, 20, 22, 40, 41, 39, 38, 16, 19, 21, 33, 50, 53, 12, 8, 49, 17, 18, 46, 9, 4, 0, 6, 7, 10, 1, 14, 11, 3, 13, 31, 32, 58, 59]","[2, 3, 6, 3, 46, 2, 1, 2, 1, 3, 24, 42, 34, 2, 7, 5, 27, 1, 56, 47, 73, 81, 80, 63, 77, 2, 15, 19, 6, 81, 75, 73, 46, 8, 34, 14, 1, 14, 31, 1, 13, 2, 2, 6, 2, 5, 1, 1, 11, 13, 1, 2, 10, 3, 2, 2, 1, 1, 3, 2]","[2.0, 2.5451338703173274, 8.652041496947678, 7.773507871363547, 38.71829617764768, 134.85274613907512, 102.42781885696802, 24.57772544433418, 19.278164892944428, 10.406486449515198, 5.1813902381917725, 28.598710888836777, 32.72635256560668, 23.293780466486552, 18.37026300809535, 16.205968034251438, 10.688924569838628, 7.826207434184823, 32.65875669699008, 37.32800110724092, 48.02090019639358, 55.724541700779625, 61.51904077435501, 42.798174840675934, 34.236836028353224, 33.65397642806118, 32.68634058868514, 24.344297980652584, 22.55653776774122, 28.01271692186728, 30.39521130054898, 27.666695709204966, 26.06456410839037, 24.585039998605314, 24.877751746219996, 18.347548466184147, 15.408639121610543, 15.246846449405965, 13.281161400091976, 10.59634766641981, 10.19886263753847, 15.489784966808635, 11.159922975913172, 8.729599489910639, 5.4751018680371, 1.743770330962759, -0.07821156742963531, -1.2591814625973825, 0.2834979808972413, -1.5461116511566537, -2.729553675000073, -8.013847167712552, -6.71287807265049, -14.97482942511552, -21.292282819299647, -23.68796455931031, -15.710242267967175, -32.84155191200128, -38.74238341414497]"
"[3, 16, 57, 45, 58, 30, 27, 56, 51, 24, 28, 26, 29, 22, 52, 15, 21, 40, 41, 50, 39, 19, 38, 37, 34, 54, 12, 20, 23, 33, 53, 43, 47, 44, 42, 36, 9, 46, 8, 49, 10, 48, 35, 2, 0, 17, 6, 7, 18, 55, 4, 1, 11, 14, 31, 13, 25, 5, 32, 59]","[2, 8, 5, 3, 3, 47, 73, 3, 77, 15, 81, 80, 63, 6, 6, 2, 14, 81, 75, 14, 73, 34, 46, 56, 2, 34, 1, 19, 1, 1, 31, 7, 3, 42, 27, 1, 5, 2, 13, 2, 1, 46, 24, 2, 1, 2, 11, 13, 6, 2, 1, 2, 3, 10, 1, 2, 1, 2, 1, 2]","[2.0, 11.894510238126943, 9.985902492380625, 26.021141167756696, 35.49604995395946, 43.35830752954535, 326.4081532393241, 59.15729106021536, 83.27889230696664, 58.80324076734819, 62.980015177134206, 64.26833471209453, 29.14447025791338, 26.25952287587242, 28.709252771647996, 22.41175060971276, 18.829083424676075, 27.52411560985741, 34.95642363530315, 28.952326105405533, 33.78489969435283, 23.566863949249875, 24.408633840344102, 31.057266951388993, 24.12271849591052, 41.78245600431774, 35.25605386692946, 28.532132872385926, 24.32551407639727, 44.251885043324485, 32.94102821438885, 19.39546564813386, 12.303318401209042, 15.813511180932531, 11.802565994747876, 8.281050881592694, 12.145972190094486, 6.857244556649118, 5.672836259469726, 2.998567671108815, 2.6827056849419613, 5.752988427885722, 4.951613081221417, 3.237097936694978, 19.841110729938084, -0.1733101536277779, 3.3578543035281108, 3.833184142728932, 5.523462156688147, -1.4624699837999913, -6.791855307271721, -17.822891056129105, 5.904290679899955, -17.56049837063168, -16.17619791321537, -24.676738762592976, -18.20378860007318, -23.178894881367448, -30.67361873189067]"
"[4, 16, 57, 45, 59, 30, 56, 29, 27, 26, 28, 51, 58, 24, 37, 15, 22, 34, 54, 38, 21, 39, 52, 40, 41, 50, 12, 19, 20, 43, 47, 33, 44, 42, 23, 36, 53, 9, 49, 55, 8, 46, 10, 0, 48, 35, 17, 2, 6, 18, 1, 11, 7, 14, 3, 13, 31, 25, 32, 5]","[1, 8, 5, 3, 2, 47, 3, 63, 73, 80, 81, 77, 3, 15, 56, 2, 6, 2, 34, 46, 14, 73, 6, 81, 75, 14, 1, 34, 19, 7, 3, 1, 42, 27, 1, 1, 31, 5, 2, 2, 13, 2, 1, 1, 46, 24, 2, 2, 11, 6, 2, 3, 13, 10, 2, 2, 1, 1, 1, 2]","[1.0, 15.972389169627998, 10.27937727600252, 42.83684352420318, 30.203669560916527, 58.88732909884524, 40.56660108247581, 49.18365675658037, 55.374123133529565, 60.17733013380801, 53.40558372625594, 70.6439527957933, 53.346583318709676, 37.09007609695092, 44.61313001860486, 31.82454109902501, 26.54723517100969, 26.144595911992702, 22.54766359845729, 22.453811698043232, 19.596924318773652, 33.87593741219919, 24.88113532804892, 30.33831793395665, 28.35992880410938, 22.190082466882405, 20.175880993770754, 20.301119832303883, 21.98694400385249, 19.07719595539517, 17.453432285177097, 14.626186805006697, 18.06541382479709, 14.720071388625968, 13.217094898409371, 12.250290265004494, 9.1612613055994, 6.046018767154065, 5.433722609605457, 4.971814969993071, 5.732617983418773, 3.554884136291964, 2.3507672641234656, 1.8726882287543454, 4.388249768801741, 3.767561993724321, 2.862321249089499, -0.21919303156590075, -3.7047779760189528, -6.282138632995274, -3.896876265269899, -7.098555414459732, -7.237039944965822, -8.707674735261232, -13.314035434575107, -23.495825564833325, -10.741007224167475, -21.4990148977502, -26.70555900538532]"
"[5, 40, 56, 57, 48, 30, 23, 50, 45, 27, 28, 26, 29, 34, 51, 52, 24, 41, 39, 16, 47, 37, 36, 15, 43, 20, 38, 19, 22, 21, 54, 46, 44, 42, 53, 33, 8, 12, 35, 49, 7, 9, 4, 6, 17, 2, 0, 18, 1, 10, 14, 11, 25, 3, 13, 55, 31, 32, 58, 59]","[2, 81, 3, 5, 46, 47, 1, 14, 3, 73, 81, 80, 63, 2, 77, 6, 15, 75, 73, 8, 3, 56, 1, 2, 7, 19, 46, 34, 6, 14, 34, 2, 42, 27, 31, 1, 13, 1, 24, 2, 13, 5, 1, 11, 2, 2, 1, 6, 2, 1, 10, 3, 1, 2, 2, 2, 1, 1, 3, 2]","[2.0, 112.60884916404456, 191.57986372703462, 141.4733954693328, 270.7303309514763, 187.872108064403, 112.43830414165028, 58.127963350654426, 50.78887834664851, 57.04811101912159, 60.62293322645259, 59.08656457100592, 50.73308595737187, 49.904783094838784, 43.065688006566134, 36.21776921424318, 31.876777568707563, 32.25099278281337, 59.53151759505281, 33.91053292832998, 28.662734860801237, 30.909934206556102, 74.2923113329521, 29.06647156845682, 29.615283419364122, 24.518881507492573, 29.82100918466331, 28.822263382754834, 21.669080937456, 18.805926720572927, 20.333381492846033, 16.34993716566602, 14.869430060944532, 14.275607498689702, 16.52562355151569, 14.405794760760624, 6.290629517098957, 8.530594080721187, 3.1037710270459797, 2.177478371790592, 3.0830130249057888, 5.047120240823762, 3.5288555020275965, 2.2778028972859783, 5.075986515843053, 1.8925326267385074, 0.39677101599276554, -7.502816394826571, -11.439893342948611, 2.417345415032486, -11.251694881076578, -14.703764359978035, -20.6728487741979, -16.767727808237865, -15.759279923505542, -12.155407584310879, -14.031469967187464, -30.748733978648247, -29.861959932459545]"
"[6, 51, 56, 23, 57, 30, 58, 52, 28, 27, 26, 29, 24, 21, 22, 41, 50, 40, 15, 39, 16, 19, 20, 38, 54, 12, 37, 47, 34, 33, 43, 45, 44, 42, 53, 46, 36, 9, 8, 49, 0, 10, 48, 35, 2, 17, 4, 55, 7, 1, 18, 14, 11, 3, 31, 25, 13, 32, 5, 59]","[11, 77, 3, 1, 5, 47, 3, 6, 81, 73, 80, 63, 15, 14, 6, 75, 14, 81, 2, 73, 8, 34, 19, 46, 34, 1, 56, 3, 2, 1, 7, 3, 42, 27, 31, 2, 1, 5, 13, 2, 1, 1, 46, 24, 2, 2, 1, 2, 13, 2, 6, 10, 3, 2, 1, 1, 2, 1, 2, 2]","[11.0, 72.95953220636429, 77.23577221112443, 164.47704228389858, 154.52567996437676, 1469.738612124693, 69.69622895314185, 49.19389446624138, 60.99144097061339, 59.85450782325336, 59.40507163226543, 33.24264177816904, 24.644656351453435, 20.992506509953472, 21.05237508150593, 38.78074488449613, 29.065983273314174, 47.84712464982049, 30.503963550094383, 31.115519202798676, 16.964904420120696, 17.62031121000833, 17.115415670082044, 20.06077709266028, 29.871314612862616, 17.50462526944389, 24.22323795674648, 19.915362964033157, 17.36774644153138, 18.43595272754869, 10.889272358718713, 4.7588994749456575, 14.901464368273613, 34.80288409638753, 16.68814635600713, 10.21353139744111, 3.1988889597145995, -0.27652303693708813, 2.9459577528266117, -0.14498580510425185, 0.29401566198083806, 0.7256785008986757, 1.9925660838363015, -0.8451274811760037, -0.9183293356315794, -21.62920683180267, 12.534535594307169, -5.374892324864593, -3.3799125668708214, -3.1006962529455926, 3.733473370025301, -4.9344111376324875, -13.365188189822156, -16.876705986110185, -2.9677502378792084, -3.2584355468057744, -13.119644739237295, -15.095808839601016, -28.4820411238483]"
"[7, 21, 17, 57, 24, 58, 30, 27, 56, 28, 26, 29, 15, 51, 52, 22, 40, 41, 50, 39, 12, 16, 19, 38, 20, 46, 33, 54, 53, 47, 37, 23, 43, 34, 44, 45, 42, 36, 8, 9, 49, 6, 48, 0, 35, 2, 18, 31, 10, 55, 4, 1, 11, 14, 13, 32, 3, 25, 5, 59]","[13, 14, 2, 5, 15, 3, 47, 73, 3, 81, 80, 63, 2, 77, 6, 6, 81, 75, 14, 73, 1, 8, 34, 46, 19, 2, 1, 34, 31, 3, 56, 1, 7, 2, 42, 3, 27, 1, 13, 5, 2, 11, 46, 1, 24, 2, 6, 1, 1, 2, 1, 2, 3, 10, 2, 1, 2, 1, 2, 2]","[13.0, 14.0363928079087, 47.77248959865267, 25.16744390424408, 122.85762797617603, 69.32373268557264, 43.227974613693696, 119.77972926155547, 52.71918227146331, 60.30656372993497, 61.791074213337026, 49.2006347191864, 52.992339840443165, 40.62961268287036, 28.03539694609788, 21.58774506660536, 31.666515594019277, 39.70566541779184, 31.13670726445644, 70.03070588669783, 27.17832951223825, 24.10354356335541, 24.4728170662397, 23.639723025461066, 20.3835671567668, 20.080707293020993, 22.661962306821582, 26.55334466719059, 18.25765845842028, 17.802084369320582, 23.553848384978316, 16.95883338797931, 17.468938999022726, 14.929174140227671, 15.244308288383069, 16.574359656032748, 7.985184875538848, 6.903001348123262, 6.583986944658102, 3.805066551993786, 15.536823054464232, 3.765196288613211, 3.370697428326821, 12.844449655464329, 3.3682424239137116, 18.642454235932917, -3.3670390448965826, -0.7126609690028829, -0.02313399833890628, -5.645038917254194, -4.643662778903714, -2.880893275790701, -10.271727422044236, -1.3458287868652192, -2.21718601617701, -14.248603524237673, -16.8462542277364, -22.051318557171797, -25.51500767802486]"
"[8, 15, 23, 45, 5, 56, 48, 34, 25, 47, 35, 44, 54, 57, 43, 42, 55, 37, 30, 27, 28, 26, 29, 51, 24, 40, 41, 52, 39, 38, 22, 16, 36, 19, 20, 21, 33, 50, 53, 12, 17, 46, 49, 18, 9, 2, 0, 4, 6, 7, 10, 1, 11, 14, 3, 13, 58, 31, 32, 59]","[13, 2, 1, 3, 2, 3, 46, 2, 1, 3, 24, 42, 34, 5, 7, 27, 2, 56, 47, 73, 81, 80, 63, 77, 15, 81, 75, 6, 73, 46, 6, 8, 1, 34, 19, 14, 1, 14, 31, 1, 2, 2, 2, 6, 5, 2, 1, 1, 11, 13, 1, 2, 3, 10, 2, 2, 3, 1, 1, 2]","[13.0, 19.92893439095709, 15.51411041578005, 19.782428377306417, 42.87623585783875, 29.162823770064108, 41.050007387713265, 22.57126420951371, 20.67352826342729, 10.10059830006186, 9.199324345756263, 25.190738396385086, 29.65911836900018, 22.25303230690105, 17.506830507501355, 11.329843657569072, 10.292661809470284, 22.981730644838464, 34.50051669156456, 46.08010044846088, 52.85947047608308, 56.05711333206779, 46.04791694732483, 35.768303758954474, 26.682636352200316, 34.02545011190408, 42.09552428439528, 32.03251863664664, 30.97451445799284, 30.099472589424174, 25.72433478512432, 26.42004112021249, 28.714781719313095, 27.548350440800426, 30.980214752231806, 18.725576523313478, 16.62413187147412, 15.441819136179916, 14.218611797155898, 15.095257404625581, 9.226232038369261, 7.06390656456971, 20.100016187471873, 6.104920010701782, 1.6177838617453073, -0.39925195455455054, 1.6363443997423364, 4.596201247108641, -1.555996740216468, -4.950984759103392, -4.2527389838029706, -14.023382266886841, -10.637105487391807, -14.059331131673886, -16.274907811021553, -23.011430195818146, -6.796282311714947, -14.426952676044575, -30.173440562401566]"
"[9, 30, 28, 56, 57, 23, 45, 52, 27, 29, 26, 51, 58, 24, 40, 41, 50, 39, 16, 21, 22, 38, 37, 34, 54, 15, 47, 12, 36, 19, 20, 43, 44, 33, 42, 53, 8, 46, 49, 48, 35, 0, 6, 2, 17, 10, 7, 4, 55, 18, 1, 11, 14, 3, 25, 31, 13, 5, 32, 59]","[5, 47, 81, 3, 5, 1, 3, 6, 73, 63, 80, 77, 3, 15, 81, 75, 14, 73, 8, 14, 6, 46, 56, 2, 34, 2, 3, 1, 1, 34, 19, 7, 42, 1, 27, 31, 13, 2, 2, 46, 24, 1, 11, 2, 2, 1, 13, 1, 2, 6, 2, 3, 10, 2, 1, 1, 2, 2, 1, 2]","[5.0, 45.69167303871565, 327.1936798200703, 487.2483151935575, 514.0016119429627, 633.155655633744, 252.08455741457095, 57.86896692873111, 61.5031205866873, 61.149539769322615, 42.02449948686227, 39.258083023760925, 26.135463326728797, 20.938492196396428, 30.96484960928337, 44.452755169112535, 29.89896987022972, 27.734788210431653, 23.918672619162884, 21.092085898865555, 18.622438988038603, 28.44676407154131, 43.583599485059295, 27.004918269214215, 25.18814903849578, 19.41348621768469, 25.92882505770278, 7.350411104513263, 21.26100763366144, 16.878912383691365, 18.606949721625163, 2.6785468522320457, 16.355200859669495, 12.385300161565063, 15.978224911793175, 4.21938078832428, 6.133848008768416, 1.7450334204550373, 0.18591553423704532, 3.2009561787530494, -4.002007479297749, 9.055184933903067, 3.6991088417702818, -0.4458001198393653, -4.019865497305549, -2.020829989306545, -10.192295586528203, 8.504756957614461, -0.4769183460103825, -2.674816575050613, -4.780600816495113, -10.844933030951445, -12.32588682045877, -49.45345756324925, -15.722723084557211, -5.2924125955923245, -39.45229827368106, -7.303551263145643, -26.25068059680509]"
"[10, 37, 56, 30, 48, 25, 59, 57, 15, 29, 27, 26, 28, 51, 24, 54, 22, 34, 38, 36, 21, 19, 17, 23, 58, 39, 40, 52, 41, 16, 47, 12, 43, 20, 44, 42, 45, 50, 55, 49, 33, 53, 9, 35, 46, 0, 8, 2, 18, 6, 4, 1, 3, 11, 7, 14, 31, 13, 32, 5]","[1, 56, 3, 47, 46, 1, 2, 5, 2, 63, 73, 80, 81, 77, 15, 34, 6, 2, 46, 1, 14, 34, 2, 1, 3, 73, 81, 6, 75, 8, 3, 1, 7, 19, 42, 27, 3, 14, 2, 2, 1, 31, 5, 24, 2, 1, 13, 2, 6, 11, 1, 2, 2, 3, 13, 10, 1, 2, 1, 2]","[1.0, 111.15234517600894, 129.02664213193893, 146.6828257843266, 196.6679718093658, 358.9516821178909, 9487.495080542249, 53.96042293571622, 40.61022919247313, 47.49040151461129, 54.47856735655793, 58.23177215181157, 43.1226352837345, 43.29180551111969, 29.641606589019332, 28.507743043104288, 29.75381490583973, 23.960752029983713, 26.01464048982177, 22.892586824702832, 19.452811117496864, 19.79787101081201, 26.107011546653997, 14.320278324187758, 16.771498441976185, 31.80442449282897, 46.47462231784881, 33.72979847183056, 38.49282761437291, 28.988334987893204, 24.15237346007555, 23.13729592682144, 27.4916614729222, 19.371947528394095, 23.275347631413382, 23.976054017508762, 17.162634172473446, 20.399131259450566, 9.055965837758524, 14.907812251723248, 10.67501364735825, 8.847736501442604, 8.194115064383933, 6.477380621684901, 5.460611784717393, 3.3956278850959354, -1.7271290382560274, -0.34879719107954443, -1.0941669503296971, -1.9221033479920457, -2.1702882926271343, -5.900631901933764, -17.8057997097659, -13.41069465849337, -6.1443305529360615, -12.49184218558944, -10.0322308272461, -18.52905900769268, -13.288624617919652]"
"[11, 29, 56, 30, 58, 18, 25, 57, 27, 26, 12, 28, 51, 24, 15, 22, 21, 37, 36, 19, 20, 38, 54, 34, 23, 41, 40, 52, 45, 39, 50, 47, 16, 48, 49, 33, 53, 43, 44, 42, 0, 17, 9, 35, 8, 46, 2, 10, 4, 55, 6, 1, 7, 14, 3, 31, 13, 5, 32, 59]","[3, 63, 3, 47, 3, 6, 1, 5, 73, 80, 1, 81, 77, 15, 2, 6, 14, 56, 1, 34, 19, 46, 34, 2, 1, 75, 81, 6, 3, 73, 14, 3, 8, 46, 2, 1, 31, 7, 42, 27, 1, 2, 5, 24, 13, 2, 2, 1, 1, 2, 11, 2, 13, 10, 2, 1, 2, 2, 1, 2]","[3.0, 78.85310746587305, 71.63276141029817, 214.06766483964284, 1303.813187162659, 1764.675516796633, 3104.0242611261383, 51.405256302081156, 61.032439124236205, 69.7319068781832, 60.408969695342265, 53.12312648967098, 48.033808453899056, 86.51231508802782, 34.52401799571844, 27.14239012590941, 24.973116382416812, 47.184177291205344, 21.675202410359507, 21.978723381436758, 22.680002931034064, 32.596312127259765, 26.591132874113086, 26.84539350413343, 20.231238707943714, 29.753933196191763, 49.97283461729038, 50.71865533022442, 22.035930454020356, 24.88400402664667, 23.122773561018516, 21.207923471492986, 13.312898721621552, 8.00436158140263, 32.19869236294733, 30.46864274094603, 16.150641739735626, 14.781855094101664, 17.251123166778033, 5.739142680971074, 11.662632663898634, 8.006284067984234, 7.906821790612545, 4.95261053770799, 1.5339828222328826, 5.383193573158477, 2.369606620571913, -14.853667586869637, 28.573014724757364, 0.16967288880832498, -4.690516090697276, -0.4367833956762155, -10.321691073525702, -6.924140633288548, -15.839489707855215, -7.597057572486669, -10.02110919625228, -10.076579016833715, -32.36585552490576]"
"[12, 31, 0, 1, 5, 45, 56, 50, 59, 52, 7, 14, 6, 8, 58, 16, 11, 9, 46, 53, 57, 33, 32, 41, 30, 27, 28, 26, 51, 29, 24, 22, 21, 37, 15, 19, 20, 38, 34, 40, 55, 39, 54, 23, 47, 36, 43, 44, 42, 49, 10, 17, 48, 2, 35, 18, 4, 3, 13, 25]","[1, 1, 1, 2, 2, 3, 3, 14, 2, 6, 13, 10, 11, 13, 3, 8, 3, 5, 2, 31, 5, 1, 1, 75, 47, 73, 81, 80, 77, 63, 15, 6, 14, 56, 2, 34, 19, 46, 2, 81, 2, 73, 34, 1, 3, 1, 7, 42, 27, 2, 1, 2, 46, 2, 24, 6, 1, 2, 2, 1]","[1.0, 1.0, 1.0, 4.59894269362169, 6.4857344535712596, 8.798466233592645, 6.012755850291617, 16.307486843330246, 11.589350664600193, 8.097853886635182, 9.178351554307731, 8.825686454759222, 7.766736096133519, 9.118545249798771, 7.130818177676405, 6.998090822825775, 5.994670053347312, 5.612859828628666, 5.2826342560410735, 14.446580780058216, 9.77855393538344, 6.770875281654423, 7.0220141349697895, 30.220310574746748, 40.134934356619354, 51.51345225170757, 57.184168470931155, 60.94896903217226, 62.847076489343024, 57.11937546289054, 40.875115751394596, 33.09957648130434, 29.1310319684032, 34.1484622279493, 29.82270744976598, 29.241428267936502, 34.522983843241356, 28.41343289153724, 25.636309662659, 90.32250223881302, 30.522022273556907, 30.819081307392608, 25.729676726024405, 22.905106991788536, 17.94212447014393, 17.324955501320968, 15.7263299731767, 17.33590709649453, 13.691882987125622, 10.30777479392829, 11.383244329220862, 14.088848973471856, 9.5622919106061, 9.238023604000627, 5.753902921226677, -4.904406375816933, -3.6878507587434264, -10.016366389773264, -13.733527641149877]"
"[13, 17, 0, 58, 59, 5, 31, 57, 23, 55, 45, 44, 52, 16, 43, 42, 48, 34, 15, 54, 36, 37, 30, 27, 29, 26, 28, 51, 24, 38, 22, 40, 56, 41, 39, 50, 47, 21, 12, 19, 20, 33, 49, 53, 8, 9, 46, 35, 2, 10, 3, 18, 6, 4, 7, 1, 11, 14, 25, 32]","[2, 2, 1, 3, 2, 2, 1, 5, 1, 2, 3, 42, 6, 8, 7, 27, 46, 2, 2, 34, 1, 56, 47, 73, 63, 80, 81, 77, 15, 46, 6, 81, 3, 75, 73, 14, 3, 14, 1, 34, 19, 1, 2, 31, 13, 5, 2, 24, 2, 1, 2, 6, 11, 1, 13, 2, 3, 10, 1, 1]","[2.0, 2.0, 2.448653302726203, 2.905574299243241, 2.840862372680863, 2.7603732073543465, 24.006990679762797, 4.5402132741556995, 4.046906065756234, 3.158067054824424, 2.9376543173522696, 25.539728317253363, 15.343097649317825, 12.821983988846938, 10.889672269087027, 13.011825475795188, 35.64434767249169, 21.455543146187964, 15.99296220566787, 17.550459336599076, 13.076249985544116, 24.961265467611092, 32.68569102348627, 43.50032550112125, 47.66129536155106, 53.486867227939314, 43.68610646790262, 31.28356852736065, 27.70949211576868, 27.124070659276995, 25.852109069967725, 36.37836086946885, 28.217033180187464, 32.423053861884895, 30.09023692368268, 27.756492765134052, 26.797487308408172, 26.049446034421056, 24.165241297903997, 23.502025392186344, 19.686569326047085, 15.09940241981959, 14.534695722265539, 13.19548339590597, 13.433809007168579, 11.272392610832805, 9.361213335533428, 8.449677442505832, 6.3892882660102845, 24.91994933731581, 5.012906981795631, 4.610638245272643, 2.7586747398893046, 0.8582055567646627, 1.6228059596630828, 0.9735678326006862, -4.10513825024746, -20.18150996683621, -11.270012624657031]"
"[14, 6, 34, 58, 57, 24, 4, 56, 30, 27, 28, 26, 52, 29, 51, 22, 50, 21, 41, 40, 16, 39, 19, 20, 38, 54, 15, 33, 12, 43, 45, 23, 47, 53, 8, 37, 44, 42, 9, 46, 36, 49, 10, 0, 7, 2, 35, 48, 17, 18, 1, 11, 55, 3, 31, 25, 13, 5, 32, 59]","[10, 11, 2, 3, 5, 15, 1, 3, 47, 73, 81, 80, 6, 63, 77, 6, 14, 14, 75, 81, 8, 73, 34, 19, 46, 34, 2, 1, 1, 7, 3, 1, 3, 31, 13, 56, 42, 27, 5, 2, 1, 2, 1, 1, 13, 2, 24, 46, 2, 6, 2, 3, 2, 2, 1, 1, 2, 2, 1, 2]","[10.0, 18.330162312116013, 28.734286844374388, 28.92006617625645, 20.792782632007977, 15.684573801152743, 35.80266134902921, 18.015226791561535, 42.27073710324902, 54.11067054914704, 59.95682628499093, 58.685461888870705, 57.12178329510727, 50.99094341444611, 33.29579135394782, 28.691353358640765, 25.227809057629138, 25.095780438922866, 30.888635150203694, 35.354653572688804, 30.792971027992333, 21.887942961032266, 23.056403212111107, 21.564839491566786, 22.895179725579577, 35.18107182097422, 31.564735244813374, 38.01570818979542, 20.095013518201206, 21.1904522194561, 19.136450708396524, 16.50756821080214, 18.428236953877615, 13.177034548918602, 13.831858462739454, 13.516061485387802, 14.35434736592046, 10.343722084865453, 11.89519837129346, 7.839521057268735, 5.135045097139027, 6.668804735855134, 2.445144511763406, 3.7965470992582446, 2.0806417598597005, 2.3701955079346213, 5.326188894334345, 1.0800954819916004, 1.3727719430136247, -6.43757412742006, -5.2468899797001285, 2.1657452812889844, -11.468731232755786, -18.100352281539084, -6.971023975710285, -10.319255721831482, -19.490604651996236, -20.80460507607524, -27.109010344976877]"
"[15, 13, 0, 59, 57, 45, 54, 56, 25, 30, 29, 27, 28, 51, 24, 26, 22, 58, 37, 38, 34, 21, 36, 19, 20, 23, 39, 40, 52, 41, 50, 12, 47, 16, 33, 43, 44, 42, 48, 53, 49, 55, 9, 35, 17, 46, 8, 2, 10, 18, 6, 4, 7, 1, 11, 3, 14, 31, 5, 32]","[2, 2, 1, 2, 5, 3, 34, 3, 1, 47, 63, 73, 81, 77, 15, 80, 6, 3, 56, 46, 2, 14, 1, 34, 19, 1, 73, 81, 6, 75, 14, 1, 3, 8, 1, 7, 42, 27, 46, 31, 2, 2, 5, 24, 2, 2, 13, 2, 1, 6, 11, 1, 13, 2, 3, 2, 10, 1, 2, 1]","[2.0, 2.0, 12.273076073834552, 13.833166842187683, 9.349131501762471, 5.006356997977727, 167.89303698422657, 51.02696280329004, 20.672131631807755, 39.02636666960011, 47.576283740451466, 54.4823289526484, 60.22731506595798, 63.95784960003087, 60.514244003971825, 38.99179374016737, 29.63016996587689, 31.638021649505532, 26.904292319319758, 29.72907005782872, 26.645060826188292, 22.965773135557555, 22.226419001522924, 22.456201937201254, 21.05937259707106, 18.020969522973658, 29.973405885191873, 47.27785910321708, 30.853157781780965, 31.588020004405934, 26.030962524707775, 22.669497783572908, 19.892206157600313, 17.79637800267088, 15.918567040825524, 14.129225525162617, 17.75669376555843, 14.94983240483452, 13.123269669723427, 13.508249044427593, 11.4379009135265, 10.178356181271358, 9.68957682534619, 10.508251876309522, 8.10732082014943, 5.572395692235899, 5.8460456795664, 1.7235411474465074, 5.904283602293148, 0.43301474895073255, -3.6689572448755747, -1.2767296055259187, 0.6530535144450198, -1.4488160712211098, -4.633829610886185, -2.1625642634714453, 3.2723348223138515, -22.03500835699814, -19.231116624717664]"
"[16, 24, 18, 57, 30, 27, 56, 48, 28, 26, 29, 37, 34, 51, 54, 23, 15, 36, 41, 40, 52, 47, 39, 45, 20, 19, 22, 38, 43, 44, 21, 33, 42, 53, 50, 8, 35, 46, 4, 17, 12, 49, 9, 6, 2, 7, 0, 1, 10, 14, 11, 25, 3, 5, 13, 55, 31, 32, 58, 59]","[8, 15, 6, 5, 47, 73, 3, 46, 81, 80, 63, 56, 2, 77, 34, 1, 2, 1, 75, 81, 6, 3, 73, 3, 19, 34, 6, 46, 7, 42, 14, 1, 27, 31, 14, 13, 24, 2, 1, 2, 1, 2, 5, 11, 2, 13, 1, 2, 1, 10, 3, 1, 2, 2, 2, 2, 1, 1, 3, 2]","[8.0, 15.720299936287784, 26.05242247479443, 15.368091544578975, 43.39306466388207, 239.8555493715176, 1724.482388239945, 52.017987599242545, 55.5729663674747, 61.66834233775685, 42.373239223049175, 46.814453952194825, 43.07657091336587, 29.13493610534922, 36.80922541830938, 23.043411075110868, 24.631976788410654, 22.149886359694523, 40.8009156537633, 48.84534764561901, 33.67388911681796, 27.500766586283845, 32.44140397193327, 25.127334640108145, 21.95464745760119, 19.52258298539376, 18.384998510945046, 18.76166627608786, 18.81846230807217, 17.971229267824704, 14.273340874896004, 13.456000570920441, 13.304070508673819, 10.80503942292005, 7.0703120456679, 6.274171069729935, 1.7611080027223167, -2.7825163948829417, 3.5272226282387518, 0.19337010800165721, -0.32790079987753096, -0.884783439554802, -6.11040637041234, -1.6943516023154181, 0.5881460693021374, -4.337385376195307, -1.213179703617958, -8.097917879122832, -10.846826934059285, -14.248371358875481, -18.07279171332089, -22.315452880757675, -21.245814156384963, -17.04642740024008, -11.673079178596563, -18.446051244054253, -18.913855919422165, -27.005161357358237, -26.972455020094646]"
"[17, 34, 0, 56, 52, 57, 45, 30, 27, 28, 26, 29, 51, 24, 22, 19, 38, 58, 21, 12, 15, 40, 41, 39, 50, 16, 20, 23, 37, 47, 33, 36, 54, 53, 43, 44, 42, 9, 8, 46, 48, 49, 35, 2, 7, 10, 6, 18, 55, 4, 1, 11, 3, 14, 13, 31, 25, 5, 32, 59]","[2, 2, 1, 3, 6, 5, 3, 47, 73, 81, 80, 63, 77, 15, 6, 34, 46, 3, 14, 1, 2, 81, 75, 73, 14, 8, 19, 1, 56, 3, 1, 1, 34, 31, 7, 42, 27, 5, 13, 2, 46, 2, 24, 2, 13, 1, 11, 6, 2, 1, 2, 3, 2, 10, 2, 1, 1, 2, 1, 2]","[2.0, 2.0, 3.4466896862987966, 2.1685332379801268, 16.923509901794993, 8.921698618043244, 14.327129036920127, 40.66582525867669, 53.170386935052846, 57.85412461405014, 60.70826161230697, 54.060475823461545, 47.598781375140334, 27.062207395225766, 25.441697045124346, 26.204063891968225, 25.955493910433994, 23.772275215855146, 26.765536754359566, 24.906996582643075, 19.50609649794935, 32.51892645432136, 32.67021188496156, 32.87188887008689, 24.67841637678072, 22.165762865040094, 30.859257808973794, 18.163638174905536, 4.27976634915278, 47.47051740592897, 12.856019971823745, 21.407561454119513, 21.264411585652148, 10.515776289444538, 9.431683151718286, 14.331020104190655, 5.571725006881022, 4.637529203867117, 3.657366127149011, 5.486138698320541, 7.622620259448134, -1.2993007020002434, -8.43184742769007, 26.405882086028452, 2.1224275255007345, 2.0309979967037854, -11.453946343432136, -9.086619470317931, 0.13809171249697627, -6.7782260901850755, -8.28105585340359, -15.317416676963383, -19.976034266245627, -16.77337628506005, -16.11388687256221, -21.714268373048725, -22.387861315194684, -16.483330015936968, -27.071167862540896]"
"[18, 11, 17, 23, 5, 58, 55, 56, 32, 34, 25, 21, 30, 27, 28, 26, 29, 51, 24, 16, 15, 22, 54, 38, 40, 52, 57, 41, 36, 50, 19, 39, 37, 47, 20, 33, 12, 45, 53, 43, 48, 42, 44, 49, 8, 46, 9, 35, 0, 6, 7, 2, 10, 4, 1, 14, 31, 13, 3, 59]","[6, 3, 2, 1, 2, 3, 2, 3, 1, 2, 1, 14, 47, 73, 81, 80, 63, 77, 15, 8, 2, 6, 34, 46, 81, 6, 5, 75, 1, 14, 34, 73, 56, 3, 19, 1, 1, 3, 31, 7, 46, 27, 42, 2, 13, 2, 5, 24, 1, 11, 13, 2, 1, 1, 2, 10, 1, 2, 2, 2]","[6.0, 6.146602191152901, 9.789840821786308, 15.517021659699996, 91.58244680129823, 68.8356908213576, 28.120495024137416, 8.99660613044336, 5.305544237784337, 3.308464222575606, 3.0022616992461826, 10.042985341015271, 32.81486993555216, 45.919044000723844, 53.4462421338972, 56.43763472086503, 46.75715866683909, 32.77845831764598, 36.68309065966572, 30.44925343092831, 28.540948982582577, 25.92319261608586, 30.19810529502638, 28.28281468078432, 42.96532231032447, 36.74211563210409, 29.389039909809462, 47.60837890898236, 71.53196883076154, 59.78633235838896, 31.377364818466653, 28.351381217520835, 28.04416457836316, 26.246814741536497, 31.0983145319046, 37.734821640358035, 21.14640315368989, 20.587420775418046, 16.831816590829, 15.294220809474227, 18.66008980581944, 22.128407701611852, 14.983078512009557, 12.930738582379721, 12.480586529126906, 11.691971033533765, 12.47129218229358, 7.919725264881562, 6.093248705309271, 5.195946000419578, 10.329605844220314, 4.127428419577093, 4.003503301323869, 1.6731477675446627, -3.759303957781892, 15.062513981523272, 5.683278403334004, -5.664253723470093, -28.593224437081755]"
"[19, 44, 45, 56, 58, 57, 32, 50, 30, 27, 28, 26, 29, 51, 24, 22, 15, 52, 21, 40, 12, 41, 23, 39, 16, 33, 54, 20, 38, 37, 34, 47, 43, 53, 42, 36, 8, 9, 46, 49, 6, 10, 2, 0, 48, 35, 17, 55, 18, 4, 7, 1, 11, 3, 14, 13, 31, 25, 5, 59]","[34, 42, 3, 3, 3, 5, 1, 14, 47, 73, 81, 80, 63, 77, 15, 6, 2, 6, 14, 81, 1, 75, 1, 73, 8, 1, 34, 19, 46, 56, 2, 3, 7, 31, 27, 1, 13, 5, 2, 2, 11, 1, 2, 1, 46, 24, 2, 2, 6, 1, 13, 2, 3, 2, 10, 2, 1, 1, 2, 2]","[34.0, 42.54309732002505, 241.95919430240403, 462.5696439241581, 377.6098524402546, 852.812272884899, 743.0035107563571, 79.77340237002286, 44.178841584648126, 54.00782143434934, 59.792664463190384, 62.635905789252675, 50.93352319183282, 48.7674360320043, 31.993930388970412, 39.51065257598006, 36.28552015230285, 29.330808193139205, 26.16795869346232, 42.766811518001674, 31.483956620211796, 34.60851337253392, 32.755228049579316, 33.70879352845871, 30.1104633222127, 22.679047375373756, 22.365892839615412, 21.08731291224389, 23.836886949469083, 32.165793267011196, 21.95529689272871, 19.758681306396067, 17.01323477153658, 16.118080460477543, 12.074970390426596, 10.012852793774776, 9.037799453507866, 9.033141397301172, 6.856843864201522, 10.36959526559475, 4.952012173042559, 1.9910227021984515, 3.4394538829992474, 1.3430373774461835, 6.431509734229824, 0.00329110723917303, 5.196831721043387, -0.8696795594466984, -6.190210371750663, -1.3245443810241824, -1.895930871906387, -2.679766060172607, -8.94165782098241, -9.828922767130136, -13.559121791344616, -13.343928903415573, -14.092875401228582, -4.661887722479154, -29.341453410011862]"
"[20, 58, 56, 23, 17, 30, 51, 29, 21, 26, 28, 27, 22, 57, 24, 19, 54, 37, 50, 38, 55, 15, 40, 52, 41, 39, 47, 16, 34, 12, 33, 43, 44, 42, 45, 53, 36, 9, 8, 46, 49, 6, 48, 35, 0, 7, 10, 18, 2, 4, 11, 14, 1, 3, 13, 31, 25, 32, 5, 59]","[19, 3, 3, 1, 2, 47, 77, 63, 14, 80, 81, 73, 6, 5, 15, 34, 34, 56, 14, 46, 2, 2, 81, 6, 75, 73, 3, 8, 2, 1, 1, 7, 42, 27, 3, 31, 1, 5, 13, 2, 2, 11, 46, 24, 1, 13, 1, 6, 2, 1, 3, 10, 2, 2, 2, 1, 1, 1, 2, 2]","[19.0, 19.4934901955138, 19.865093886095256, 126.68116161419861, 256.9651374012159, 76.9499595110313, 57.434270306095016, 45.13583858305918, 38.179300874024364, 54.165389910387546, 62.86718407618217, 28.302157887816996, 49.5865673835426, 17.88071727512049, 16.76628539001969, -1.5815442749419475, -1.160394277204837, 89.17778826865936, 32.9953606027872, 49.05673263810952, 51.805176530359944, 27.229946304194407, 40.745989177966166, 29.797616697240002, 34.74183382104371, 32.069782489306974, 33.93119192500194, 21.823892855672938, 19.77941655718916, 16.90683358858168, 16.58604407823958, 14.490768871943352, 21.006938785792883, 19.32345552021148, 13.461847517286904, 10.363955719721755, 3.505601306465577, 3.505630753602846, 3.82214146299458, 3.1540849187311952, 2.5070407839291775, 0.35064738001255336, 2.521060640211836, 2.038402225591499, 17.639783279488956, -5.19560865406126, 34.202371309484114, -0.21390258586212596, -3.944360123571137, -7.960498863125764, 21.38449448277165, -3.759367860390615, -12.849837268781542, -16.902394556948177, -39.02049043296381, -8.703886964391142, -18.26685646938664, -15.359025745678082, -30.202923299324933]"
"[21, 10, 23, 58, 56, 25, 30, 27, 26, 29, 28, 51, 54, 15, 37, 24, 38, 34, 57, 55, 22, 19, 36, 41, 52, 40, 39, 50, 16, 47, 20, 33, 12, 44, 43, 45, 42, 48, 49, 53, 35, 17, 9, 46, 18, 8, 0, 2, 6, 4, 1, 7, 14, 11, 3, 31, 13, 5, 32, 59]","[14, 1, 1, 3, 3, 1, 47, 73, 80, 63, 81, 77, 34, 2, 56, 15, 46, 2, 5, 2, 6, 34, 1, 75, 6, 81, 73, 14, 8, 3, 19, 1, 1, 42, 7, 3, 27, 46, 2, 31, 24, 2, 5, 2, 6, 13, 1, 2, 11, 1, 2, 13, 10, 3, 2, 1, 2, 2, 1, 2]","[14.0, 14.437717646894274, 47.243000298984086, 68.65398394481451, 43.11051758269632, 70.75518803086985, 40.21779909762844, 52.553164051221934, 60.22444768449597, 59.63470464010342, 39.309959647549476, 43.891831152501, 36.91641252212203, 28.76047347937297, 24.95845111682375, 24.835571413527738, 26.92543179825293, 27.39599501918536, 92.87619375543433, 23.40628521168196, 24.268842901788286, 20.708516510028236, 21.45106701666777, 34.575261512621765, 27.70937345365836, 33.013331955598254, 36.16296964916762, 30.639941633887798, 24.504368643970643, 21.562841316287994, 19.5239834735965, 21.75334674170515, 17.672893841901168, 30.76311273166581, 16.88674573070992, 16.11562753409187, 13.980561207926804, 7.822337145343473, 44.4087548466908, 7.772860450095334, 9.064740028288487, 7.849333949106895, 6.260899448278002, 20.43250050916685, 6.417768047119973, 3.569246882539538, 2.4801139515505284, -3.368062206408844, -1.8198719712986176, -6.634348175093329, 7.648578229684809, -0.6809598102039587, -1.952657160981886, -7.66813090963937, -11.552619280052369, -24.776801548677508, -25.17759487116691, -12.204055278113103, -33.16012974627584]"
"[22, 59, 56, 23, 58, 34, 54, 17, 30, 29, 26, 27, 28, 51, 57, 37, 15, 38, 36, 21, 24, 19, 39, 52, 12, 40, 41, 50, 16, 43, 47, 20, 33, 44, 42, 53, 45, 9, 55, 49, 46, 8, 10, 0, 6, 48, 35, 2, 18, 7, 4, 1, 11, 14, 3, 31, 13, 25, 32, 5]","[6, 2, 3, 1, 3, 2, 34, 2, 47, 63, 80, 73, 81, 77, 5, 56, 2, 46, 1, 14, 15, 34, 73, 6, 1, 81, 75, 14, 8, 7, 3, 19, 1, 42, 27, 31, 3, 5, 2, 2, 2, 13, 1, 1, 11, 46, 24, 2, 6, 13, 1, 2, 3, 10, 2, 1, 2, 1, 1, 2]","[6.0, 6.310445217010315, 6.600859037627821, 14.678724541803923, 40.160070394640634, 504.02727755866135, 108.4807878609449, 37.115279475285845, 40.693018443945256, 44.961800742068505, 54.584729493506686, 56.90096596277377, 40.97376439522855, 45.09300405802017, 24.70767224874983, 24.433403596618064, 15.12843921573458, 18.412835192688476, 14.746830130838683, 12.791322536290416, 10.706112661312277, 13.812668216476423, 47.96712981803776, 28.700506720677513, 23.963784318044702, 33.24561637776565, 37.24322602954084, 26.15631271713619, 20.364008327371177, 17.157085188613383, 16.72505166831936, 15.897375107480308, 15.581703034948504, 19.64651929191978, 31.134048772278234, 19.474303214561203, 7.723052134137837, 6.79113128345281, 5.42310482362392, 3.396743144544457, 2.9762631646326305, 2.51114876344686, 1.619429387017325, 0.9900042775124387, 0.9732804197901075, 4.053363148381759, 3.1907767492584487, -4.143660883021017, -6.864572350064218, -3.4838037066177847, -2.403922123852279, -2.267615882056109, -7.673153124796105, -5.1785794613138805, -12.241247447745419, -6.029471794183955, -10.618573424139289, -15.626581649130973, -17.24359590387901]"
"[23, 50, 59, 48, 56, 25, 30, 54, 27, 26, 29, 28, 15, 51, 37, 57, 36, 38, 34, 22, 12, 24, 39, 40, 41, 52, 45, 47, 16, 21, 19, 43, 20, 53, 33, 42, 44, 55, 49, 9, 35, 17, 46, 58, 0, 8, 10, 2, 18, 6, 4, 1, 3, 7, 11, 14, 13, 31, 5, 32]","[1, 14, 2, 46, 3, 1, 47, 34, 73, 80, 63, 81, 2, 77, 56, 5, 1, 46, 2, 6, 1, 15, 73, 81, 75, 6, 3, 3, 8, 14, 34, 7, 19, 31, 1, 27, 42, 2, 2, 5, 24, 2, 2, 3, 1, 13, 1, 2, 6, 11, 1, 2, 2, 13, 3, 10, 2, 1, 2, 1]","[1.0, 15.488866402362909, 15.48493967273126, 88.92638661957494, 89.08878080572642, 95.77990126479321, 60.14726876956045, 41.14060247389136, 52.5439815156939, 60.89545523036745, 60.06341392326125, 51.76380635178919, 41.58705415076423, 35.141729513365064, 34.21024548940665, 61.042023608802324, 28.509266275437056, 29.931052970034678, 29.047516926116487, 22.588608914383304, 20.506527113862724, 18.994363487550835, 27.43852614788965, 34.753601442296684, 43.10089425724635, 29.329232244079652, 24.90137639014732, 21.954827549485707, 24.458055006533957, 20.029217023487632, 20.833275548022357, 19.370245477247373, 26.585277925611503, 18.08916643541082, 19.2998325471005, 16.87799629800196, 17.12922957567025, 12.765564311543894, 9.322777646083741, 8.337291130791737, 8.83665099016139, 6.827744349907151, 8.946191128610078, 5.557537739094574, 6.421146008989977, -8.835121893943622, 4.007131736816989, -0.0015087398846809208, 0.9492428562050463, -1.565036611392415, -1.9432380417178443, -5.243856277830734, 4.956694269912681, 3.5445845694403104, -17.11871443904774, -8.662585032166128, -21.294618482555883, -20.620216526365052, -16.438950768387127]"
"[24, 46, 23, 58, 30, 29, 56, 25, 27, 26, 28, 51, 54, 15, 37, 38, 34, 19, 18, 57, 36, 22, 21, 41, 52, 20, 40, 12, 39, 50, 47, 16, 33, 43, 45, 48, 53, 49, 44, 42, 35, 55, 17, 8, 9, 0, 2, 10, 4, 6, 7, 1, 11, 14, 31, 3, 13, 5, 32, 59]","[15, 2, 1, 3, 47, 63, 3, 1, 73, 80, 81, 77, 34, 2, 56, 46, 2, 34, 6, 5, 1, 6, 14, 75, 6, 19, 81, 1, 73, 14, 3, 8, 1, 7, 3, 46, 31, 2, 42, 27, 24, 2, 2, 13, 5, 1, 2, 1, 1, 11, 13, 2, 3, 10, 1, 2, 2, 2, 1, 2]","[15.0, 15.503302082693489, 117.1062361262082, 52.876312483374406, 36.217252702529315, 147.05311898636685, 825.4047596504621, 49.90526041460613, 55.58130155599767, 59.479811989857815, 39.40481433672584, 54.46348000284358, 37.45831531346811, 29.275858046637367, 25.311522299816556, 26.401044877654783, 47.12666954404441, 52.293928271969484, 28.205062029771188, 48.02572849011125, 28.44001504324376, 24.05224418909046, 25.01488924958706, 80.2234351255771, 55.174839730998215, 30.50456741808321, 29.146596894893644, 25.271061680861518, 27.15397402266496, 22.91787958277913, 20.1940404676543, 25.54504350285463, 15.338200093529029, 8.103419752790746, 13.59612952315194, 18.11946908000856, 7.309200949079111, 13.990673774337923, 28.390538133916408, 3.8375014571422437, 43.667494559321014, 8.029118813098421, 4.584205633177483, 7.806034156549469, 4.176826305936245, 3.081019940151908, 2.4303952246733793, -21.302096872823924, 3.518932266817494, -6.060765616477937, -4.9752884587185875, -4.9623701937559765, -8.325380982493524, 12.347580632321401, -6.597151514667434, 1.113709282054959, -21.200451642307968, -27.05053024149435, -28.36503326701282]"
"[25, 24, 57, 23, 58, 30, 16, 56, 27, 29, 26, 28, 51, 37, 15, 38, 34, 22, 54, 36, 21, 12, 19, 17, 40, 41, 52, 39, 45, 47, 20, 50, 33, 48, 43, 44, 49, 42, 53, 35, 55, 9, 46, 8, 0, 2, 18, 10, 6, 4, 1, 7, 11, 3, 14, 31, 13, 32, 5, 59]","[1, 15, 5, 1, 3, 47, 8, 3, 73, 63, 80, 81, 77, 56, 2, 46, 2, 6, 34, 1, 14, 1, 34, 2, 81, 75, 6, 73, 3, 3, 19, 14, 1, 46, 7, 42, 2, 27, 31, 24, 2, 5, 2, 13, 1, 2, 6, 1, 11, 1, 2, 13, 3, 2, 10, 1, 2, 1, 2, 2]","[1.0, 21.698996025643417, 15.396879244639994, 139.55982125649865, 87.80285596186562, 99.18622308056649, 1400.4311589019737, 40.69610902323624, 52.84407915742101, 55.31762539100529, 59.76699740002, 39.80443580042157, 31.625628513681846, 37.3468949597043, 24.889631410835424, 28.38944501505527, 25.96156107216953, 22.442530320060957, 20.177763794542216, 19.844516534087155, 20.606769669959146, 19.53480749750582, 9.811860666382483, 18.406215080736544, 44.775073282671336, 41.21899009819961, 30.217393324376715, 62.46306854656521, 22.048539177392517, 21.74621418241645, 16.722329764857157, 15.162407479893348, 7.81009618287808, 16.29195068963602, 14.272011566707098, -5.266306613398077, 16.854059118805857, 13.663122144324186, 7.462746342609418, 8.065920224991999, 7.608562033863496, 6.276404523403931, 4.570804839734961, 3.949918979429153, 2.83746431060508, 3.0966029694421593, -0.6886952493306282, -3.9863296049461425, -3.695802059506512, -11.74739863639265, -11.596897586540077, -4.215643108910104, -10.456692701651079, -4.37547968119576, -12.975169964777237, -30.32709023525694, -12.21222041487005, -15.974820281280202, -30.277760191740352]"
"[26, 48, 58, 51, 56, 30, 57, 50, 18, 27, 28, 29, 15, 24, 37, 34, 22, 54, 38, 40, 41, 52, 39, 16, 19, 47, 21, 20, 43, 36, 12, 45, 23, 44, 33, 42, 53, 9, 49, 46, 8, 35, 55, 17, 0, 6, 2, 10, 4, 7, 1, 11, 14, 3, 13, 25, 31, 32, 5, 59]","[80, 46, 3, 77, 3, 47, 5, 14, 6, 73, 81, 63, 2, 15, 56, 2, 6, 34, 46, 81, 75, 6, 73, 8, 34, 3, 14, 19, 7, 1, 1, 3, 1, 42, 1, 27, 31, 5, 2, 2, 13, 24, 2, 2, 1, 11, 2, 1, 1, 13, 2, 3, 10, 2, 2, 1, 1, 1, 2, 2]","[80.0, 93.01581967216349, 84.13813089693296, 84.79994851327945, 96.00362424075631, 3489.973276059994, 1240.0327301702193, 124.36087516950957, 68.16989867919014, 67.04653021028585, 67.28958446815754, 44.60020159728296, 40.19581509654702, 32.06735898000268, 33.73403740596861, 27.863883343581644, 26.094266875840304, 25.609595032826256, 24.766322868567876, 34.96348015506376, 45.785033483219166, 33.82892339766077, 31.689827445742743, 40.835684518173416, 28.383513395144142, 28.476007705477016, 23.37838360875152, 25.351738934909278, 27.521792340493988, 21.61046315892295, 22.351278546901046, 13.780498971973826, 14.703380737633054, 16.766961828148577, 16.613837350758164, 12.654961079806043, 6.790085340061513, 7.4520061478072765, 4.70358024886713, 5.588780859770027, 6.3736857672264335, 24.30981631027614, 31.409983649471286, 2.3225895142744353, 1.3777691885781564, -0.49412484548851765, 0.6330634856351516, -16.66890275281485, 5.505947238277315, -4.141248241682774, -3.9426998665939657, -8.992555328383311, -13.844325973245311, -13.253854585996176, 5.665847607163268, -9.126079117289656, -17.22233467794412, -13.218321774543181, -30.359785075681224]"
"[27, 42, 17, 30, 56, 23, 48, 7, 15, 28, 26, 29, 57, 51, 46, 41, 45, 52, 24, 40, 34, 47, 39, 37, 54, 38, 16, 20, 19, 22, 43, 21, 44, 36, 50, 53, 33, 8, 35, 9, 12, 49, 2, 4, 6, 0, 18, 1, 10, 14, 11, 55, 3, 25, 13, 31, 5, 32, 58, 59]","[73, 27, 2, 47, 3, 1, 46, 13, 2, 81, 80, 63, 5, 77, 2, 75, 3, 6, 15, 81, 2, 3, 73, 56, 34, 46, 8, 19, 34, 6, 7, 14, 42, 1, 14, 31, 1, 13, 24, 5, 1, 2, 2, 1, 11, 1, 6, 2, 1, 10, 3, 2, 2, 1, 2, 1, 2, 1, 3, 2]","[73.0, 82.01722047975858, 79.02749627431038, 313.6657947665063, 297.7413643527636, 1111.0455536644781, 683.1993395137316, 56.8021475318789, 51.57848008696298, 54.03760582713807, 46.43465508801117, 249.99964819888197, 46.52853079919298, 65.95647637395615, 50.42323815364535, 53.25184683410287, 47.476352321376616, 40.29227883404481, 35.94434073841069, 43.20898114657184, 34.214163343402625, 31.459377244154584, 23.840099731349852, 27.663567706635618, 23.12025560953928, 24.629418751842003, 24.13698107283083, 24.85681141993536, 23.52093047510877, 20.305224556546253, 19.811819797458888, 19.537228675052496, 22.32041089923982, 17.61515668228732, 17.396755074921682, 19.880386566558595, 10.676612096670631, 5.788755511762432, 0.7823249315217105, 2.0095228336073596, -0.259007237725962, -2.2467273062380073, -1.9453405129285493, 0.008968203350718795, -5.22964316465379, -6.358687285353474, -8.533017357772227, -5.939822975287502, -9.879390560494251, -12.79727523515302, -18.35508042312517, -32.44286154010856, -17.490958930821108, -20.23724540617924, -19.297088614749253, -18.903254964430253, -16.909653846566897, -27.19684133803926, -35.217208742024326]"
"[28, 7, 56, 30, 57, 23, 45, 52, 58, 27, 26, 29, 51, 24, 41, 50, 40, 39, 16, 21, 22, 38, 12, 19, 20, 54, 37, 34, 47, 33, 15, 43, 53, 44, 42, 8, 9, 46, 36, 6, 49, 10, 0, 2, 48, 35, 17, 55, 18, 4, 1, 14, 11, 3, 31, 13, 25, 32, 5, 59]","[81, 13, 3, 47, 5, 1, 3, 6, 3, 73, 80, 63, 77, 15, 75, 14, 81, 73, 8, 14, 6, 46, 1, 34, 19, 34, 56, 2, 3, 1, 2, 7, 31, 42, 27, 13, 5, 2, 1, 11, 2, 1, 1, 2, 46, 24, 2, 2, 6, 1, 2, 10, 3, 2, 1, 2, 1, 1, 2, 2]","[81.0, 92.25477084143967, 92.06504336574855, 574.1715289330775, 481.6264533067408, 454.74948442092585, 183.27861988795135, 156.83195675548328, 56.559519098419365, 58.12435577228025, 60.361138817452456, 47.2311653495573, 31.051971688907997, 24.651921416169166, 35.63143005536162, 28.537900862587453, 30.665052269937416, 31.22510153292119, 25.5553282810095, 22.49485217094321, 18.223160761799093, 29.59262946886826, 18.050531198754957, 18.198757493329715, 17.876807743663502, 20.365979973065762, 32.40442001304246, 21.450539500391347, 18.001388792439897, 14.954616354862324, 19.315514657943503, 14.748376627046778, 12.861712421205418, 15.126825961423624, 8.053987225214252, 6.110388269357491, 6.349101316833304, 9.87085402457471, 4.122901357719142, 3.435565290200506, 1.8946170339516897, 3.0221848484655407, -0.7746398554704736, -3.4757287355027167, 0.775595770448426, 13.85784556950337, 8.514752134946079, -4.494279588618131, -2.8528225147259683, -23.928632073390414, 19.887582612750176, -3.0688978526609, -11.099325677854619, -16.344137494902316, -15.968266757850948, -18.86779550171223, -17.702098276973647, -17.068199520158146, -29.24757672528537]"
"[29, 36, 58, 51, 30, 56, 18, 55, 50, 27, 28, 26, 57, 24, 22, 40, 52, 15, 41, 39, 16, 54, 12, 38, 47, 37, 21, 19, 20, 23, 33, 44, 43, 45, 42, 34, 53, 9, 46, 8, 49, 48, 35, 17, 0, 2, 10, 6, 4, 7, 14, 1, 11, 3, 31, 25, 13, 32, 5, 59]","[63, 1, 3, 77, 47, 3, 6, 2, 14, 73, 81, 80, 5, 15, 6, 81, 6, 2, 75, 73, 8, 34, 1, 46, 3, 56, 14, 34, 19, 1, 1, 42, 7, 3, 27, 2, 31, 5, 2, 13, 2, 46, 24, 2, 1, 2, 1, 11, 1, 13, 10, 2, 3, 2, 1, 1, 2, 1, 2, 2]","[63.0, 88.74786757625101, 77.95600903755384, 75.94257953892769, 135.29182774555971, 673.1634545060688, 859.5029073971502, 110.80301604491842, 61.0084304495729, 63.55541557142816, 63.69333190726947, 53.04002632481446, 40.43906559695978, 28.295425252920094, 23.575500835114838, 36.29831866164485, 29.67753257087425, 27.788747079850168, 32.25445941723041, 30.257966290635526, 29.370055782534926, 50.26903218027301, 26.45430703735123, 27.541833936231463, 20.510430849226747, 28.32282712771299, 24.28755762799703, 19.08976503598472, 18.407251100094648, 17.461255960836144, 17.178558808488326, 21.790583380978156, 18.60089061222157, 15.483365109450425, 15.503958328486348, 13.927127004812295, 5.636371751968821, 7.094892992619683, 4.221801245891886, 4.182983287348318, 2.189508629925074, 3.769848400963422, 3.5795963740842094, 2.3225895142744353, -1.9990908651834403, -1.9678414243862576, -1.1292836058339688, -4.901047903603363, -8.799560411285203, -5.1809378909688455, -4.618055139872322, -4.032245350232252, -12.148769567171675, -16.94681276216765, 3.5818455009708288, -14.108715100747496, -14.271690535888318, -22.706383345743635, -32.025234706741266]"
"[30, 35, 51, 23, 55, 56, 45, 58, 27, 28, 26, 29, 37, 15, 54, 24, 57, 34, 38, 22, 36, 39, 52, 40, 41, 50, 16, 21, 19, 47, 12, 20, 33, 43, 44, 42, 53, 48, 49, 9, 46, 0, 8, 2, 10, 17, 6, 7, 4, 18, 1, 11, 14, 3, 13, 31, 25, 32, 5, 59]","[47, 24, 77, 1, 2, 3, 3, 3, 73, 81, 80, 63, 56, 2, 34, 15, 5, 2, 46, 6, 1, 73, 6, 81, 75, 14, 8, 14, 34, 3, 1, 19, 1, 7, 42, 27, 31, 46, 2, 5, 2, 1, 13, 2, 1, 2, 11, 13, 1, 6, 2, 3, 10, 2, 2, 1, 1, 1, 2, 2]","[47.0, 45.89946040095559, 95.6159147820861, 246.3703427867794, 416.66696663204516, 841.136169200377, 1081.1712212059151, 56.07344189997606, 60.36336334219144, 65.6527496408504, 68.96494330416937, 36.25016352143989, 43.38211399100584, 36.948204728524246, 26.506846705907947, 25.506916408235536, 27.142504520044117, 22.77751344969363, 23.40618684493672, 21.914444890523498, 20.068894543760017, 45.90222218901424, 26.687873307219466, 34.84998822361742, 43.14351787135543, 24.595635412123112, 21.771354893322368, 26.93561754809619, 21.50885543867787, 17.471094225170226, 18.136082932311123, 19.027875222314687, 16.52043304314459, 10.598360495194523, 16.93842734452261, 13.914647441045316, 5.02290969909633, 7.82040290798225, 6.538910661676787, 4.872195361328655, -3.696149829572274, -3.4663626967839853, -4.529810195065586, 0.8393379117375179, 2.1981522699438933, -0.31457878866797273, 2.4895597305707398, -5.208013745778377, -4.587080726966011, -16.563206730962442, -3.3544836270563145, -6.424942216138827, -13.380410860875227, -17.807152922900315, -16.396681116985658, -8.553243752760466, -4.3078832452134925, -16.809142174768937, -28.922087616578015]"
"[31, 0, 1, 5, 45, 56, 23, 52, 7, 14, 6, 50, 58, 8, 11, 53, 33, 32, 41, 30, 27, 28, 26, 29, 51, 24, 22, 34, 40, 12, 57, 21, 39, 16, 19, 20, 55, 38, 37, 54, 47, 15, 36, 43, 46, 44, 42, 9, 49, 10, 17, 35, 48, 2, 18, 4, 3, 25, 13, 59]","[1, 1, 2, 2, 3, 3, 1, 6, 13, 10, 11, 14, 3, 13, 3, 31, 1, 1, 75, 47, 73, 81, 80, 63, 77, 15, 6, 2, 81, 1, 5, 14, 73, 8, 34, 19, 2, 46, 56, 34, 3, 2, 1, 7, 2, 42, 27, 5, 2, 1, 2, 24, 46, 2, 6, 1, 2, 1, 2, 2]","[1.0, 1.0, 3.1657710114748063, 6.490481120946729, 7.0789411007499154, 7.973379301665687, 4.502897655235102, 5.71446932673624, 9.097694147619432, 8.822423499970187, 9.646607629466951, 9.868674026434896, 7.9844116066560735, 6.838120752815819, 6.672552160982334, 10.349245379237493, 6.986619356255571, 7.278361044311733, 36.15427621901198, 41.39040845480092, 51.521043213025294, 57.54477531270249, 59.692442691752206, 51.632797362012994, 43.04938823981631, 31.63146881414125, 35.06322174880626, 30.190634352677517, 33.34134249072251, 38.1479227239205, 30.65643371214636, 28.356106100722393, 28.01753214218873, 27.852717945828623, 27.504996515416828, 29.441801188621746, 27.12239347601421, 26.61298490903192, 28.31568125680086, 26.849815109599476, 24.256058141824642, 21.071959596716823, 17.921939772644627, 15.181611451758734, 15.301124599092876, 16.969581170595067, 12.924032377778126, 11.937449855574926, 9.049415976003829, 11.127531279419097, 7.895023125551619, 12.05446634104422, 7.697570901038015, 1.1750559032086905, 2.125344842267971, -7.431996289702891, -20.295019740722346, -15.036102886953238, -34.41979133081473]"
"[32, 4, 0, 1, 25, 59, 52, 50, 5, 45, 47, 14, 7, 46, 6, 8, 16, 9, 11, 44, 57, 43, 42, 55, 35, 48, 34, 36, 54, 15, 41, 56, 30, 27, 28, 26, 29, 51, 24, 22, 21, 19, 20, 37, 40, 39, 38, 23, 12, 49, 33, 53, 17, 2, 10, 58, 18, 3, 31, 13]","[1, 1, 1, 2, 1, 2, 6, 14, 2, 3, 3, 10, 13, 2, 11, 13, 8, 5, 3, 42, 5, 7, 27, 2, 24, 46, 2, 1, 34, 2, 75, 3, 47, 73, 81, 80, 63, 77, 15, 6, 14, 34, 19, 56, 81, 73, 46, 1, 1, 2, 1, 31, 2, 2, 1, 3, 6, 2, 1, 2]","[1.0, 1.0, 1.0, 9.951292096890743, 11.248772989247605, 7.38142450090349, 6.015973165778383, 8.570461520897666, 11.467883522413596, 8.278369537765865, 6.586690049093594, 6.950407544474732, 5.427607007216237, 4.837059248233006, 5.312804678779609, 6.082363225463732, 5.440888670470647, 5.1332005429252145, 6.314267396083698, 37.906976713771115, 17.531815012844532, 14.631132647931462, 17.020116057692782, 5.734740238114844, 10.859329806365816, 14.236799583220588, 9.432963876556652, 3.9752928755353967, 8.299611414931288, 7.804451474904257, 34.758295666580956, 23.285323719090595, 37.92358588760473, 46.44298695350917, 56.39957569040969, 61.5463903086537, 61.52020348504285, 56.166434165319956, 40.46393806051567, 32.893552114725544, 28.98067391052883, 29.04869177614608, 29.02628967535448, 27.585641322932968, 30.115321825305532, 30.360257640622695, 24.39760451673856, 31.886689330384485, 18.62744284557906, 20.595819879818386, 14.15051000496387, 9.319203107006874, 9.514339779087383, 6.53170621355256, 10.684935899399546, 12.1806915056923, -1.2858565009884764, -0.6126129857530458, -6.134832213758607]"
"[33, 37, 30, 15, 56, 34, 57, 18, 27, 28, 26, 29, 51, 23, 36, 22, 24, 45, 19, 54, 41, 40, 52, 39, 47, 20, 16, 38, 21, 53, 50, 43, 44, 48, 42, 46, 8, 35, 12, 49, 9, 17, 2, 4, 6, 7, 0, 1, 10, 14, 11, 25, 3, 55, 13, 31, 32, 5, 58, 59]","[1, 56, 47, 2, 3, 2, 5, 6, 73, 81, 80, 63, 77, 1, 1, 6, 15, 3, 34, 34, 75, 81, 6, 73, 3, 19, 8, 46, 14, 31, 14, 7, 42, 46, 27, 2, 13, 24, 1, 2, 5, 2, 2, 1, 11, 13, 1, 2, 1, 10, 3, 1, 2, 2, 2, 1, 1, 2, 3, 2]","[1.0, 93.24459265229959, 136.82274332352293, 121.33564408321133, 177.19343787149694, 419.8428835163072, 256.023151525463, 42.12054081127431, 54.475744277695256, 58.25542389375527, 59.85838510438686, 50.26203390642735, 35.39607482024218, 24.59419711279186, 29.724893685288343, 22.310384268756792, 37.5672629521951, 20.82848821308807, 21.889063780472874, 19.567275638923874, 33.26520633558259, 50.156464076661216, 29.402028871906197, 28.521346009142174, 21.00366064537152, 21.081762604768265, 22.33209339969507, 21.668438855440176, 15.092848016455225, 16.97361366447725, 19.64614000954258, 13.241482202329012, 14.461120756444773, 11.22791391214943, 8.176042883193618, 6.992393227992295, 5.133787809764436, -1.8073765204241656, -2.5415058490080176, -1.765709182612074, -2.68166960459849, -0.29938437150438757, -3.8603040595335703, -4.411194367984848, -1.6668676157514213, -1.064207915609657, -6.324285330823889, -5.137373385827345, -12.354281069220807, -11.977210798237202, -20.709662656004276, -21.796987237865892, -15.239836997474413, -17.605571078843507, -13.413398708772473, -17.99280370623092, -15.340083905608857, -32.78072375393956, -29.775068895083752]"
"[34, 33, 12, 48, 45, 5, 59, 30, 17, 54, 29, 27, 28, 26, 51, 24, 57, 37, 15, 56, 22, 38, 36, 21, 19, 23, 41, 40, 52, 39, 50, 16, 20, 47, 43, 44, 58, 42, 53, 49, 9, 46, 55, 8, 0, 35, 2, 10, 6, 4, 18, 1, 7, 11, 14, 3, 31, 13, 32, 25]","[2, 1, 1, 46, 3, 2, 2, 47, 2, 34, 63, 73, 81, 80, 77, 15, 5, 56, 2, 3, 6, 46, 1, 14, 34, 1, 75, 81, 6, 73, 14, 8, 19, 3, 7, 42, 3, 27, 31, 2, 5, 2, 2, 13, 1, 24, 2, 1, 11, 1, 6, 2, 13, 3, 10, 2, 1, 2, 1, 1]","[2.0, 2.0192477220754226, 1.724601254310037, 120.17840790172107, 399.4686224107004, 458.00792478886825, 545.2297878305384, 53.22032400534263, 33.05709208268573, 31.51616941298794, 42.893543034735025, 50.10705318225695, 56.14483065068146, 47.969238231640475, 42.35880612029681, 35.21585952354341, 34.64194936465645, 32.58327040822846, 30.361971191273767, 31.542546884264738, 24.088452955833464, 25.146894700882036, 24.512515240845282, 20.38598407395817, 21.118883170405233, 19.61575909060616, 30.08434382635984, 47.32234527164373, 30.75645915150158, 47.967016507176666, 26.014610995228885, 24.042485696910607, 23.891505292410592, 18.89856205567022, 16.60570774649664, 16.46959579279575, 19.548013298342102, 13.030061890725527, 13.417674223623628, 12.15906214514759, 10.869436075042142, 32.108501078598195, 7.1864299048188816, 7.986346844663048, 7.424336057526693, 8.168742621234673, 6.102877751216342, -0.31393783120480023, -0.7115030703868754, 2.207506546388693, 0.31413398692284744, -0.3523069602686988, -0.9169292426851143, -5.027052189087925, -1.6864901383536797, 9.13386286836316, -11.019638707750111, -4.756785396627951, -7.814078835701217]"
"[35, 36, 57, 5, 45, 56, 23, 25, 48, 47, 54, 44, 43, 42, 55, 37, 30, 27, 28, 29, 26, 15, 51, 24, 34, 20, 22, 40, 41, 52, 39, 16, 38, 19, 12, 21, 33, 53, 50, 8, 46, 49, 17, 9, 18, 6, 7, 2, 4, 0, 10, 1, 11, 14, 31, 3, 13, 32, 58, 59]","[24, 1, 5, 2, 3, 3, 1, 1, 46, 3, 34, 42, 7, 27, 2, 56, 47, 73, 81, 63, 80, 2, 77, 15, 2, 19, 6, 81, 75, 6, 73, 8, 46, 34, 1, 14, 1, 31, 14, 13, 2, 2, 2, 5, 6, 11, 13, 2, 1, 1, 1, 2, 3, 10, 1, 2, 2, 1, 3, 2]","[24.0, 75.07866058557714, 64.82496474004483, 62.7267753824746, 81.91972597214337, 202.77464548855752, 56.11409950138779, 11.970145158785764, 14.723921412727039, 10.205268643771028, 11.435060108738336, 20.076795936360167, 15.800914574624024, 10.254379068813423, 1.818742615799918, 56.160719550564416, 40.83029864471164, 30.740485609778492, 60.84792684898682, 60.228882272090516, 51.43636229693614, 44.38755581603207, 34.259555289286304, 29.557252800537256, 27.229995128529907, 24.480090897452463, 22.995673680905032, 32.91444359829597, 40.330721549838145, 30.42807170604746, 31.138237849511437, 31.529145514649674, 25.10550204454735, 25.49060324007539, 24.53724757228947, 18.494819337220008, 23.056374024571824, 14.340284114317175, 10.781870407351537, 9.252181058871317, 7.975312454439445, 7.484124143872526, 4.719519438204566, 2.9583734325535413, 2.575724634696776, 9.744303962244981, 4.794029315742899, 3.247101888664595, 2.842657348594102, 0.9742883280875594, -0.768915233904174, -19.26931456833311, -12.364982065462414, 2.512153017653038, -12.528039216124572, -15.084077141824622, -19.95703827611065, -30.564060753877747, -32.790453685763005]"
"[36, 21, 23, 58, 56, 17, 30, 27, 26, 28, 29, 51, 52, 57, 22, 24, 37, 15, 38, 54, 39, 40, 41, 50, 16, 34, 47, 19, 20, 33, 43, 12, 44, 45, 53, 42, 9, 8, 48, 49, 46, 55, 35, 0, 2, 10, 7, 18, 6, 4, 1, 11, 14, 3, 31, 13, 25, 32, 5, 59]","[1, 14, 1, 3, 3, 2, 47, 73, 80, 81, 63, 77, 6, 5, 6, 15, 56, 2, 46, 34, 73, 81, 75, 14, 8, 2, 3, 34, 19, 1, 7, 1, 42, 3, 31, 27, 5, 13, 46, 2, 2, 2, 24, 1, 2, 1, 13, 6, 11, 1, 2, 3, 10, 2, 1, 2, 1, 1, 2, 2]","[1.0, 15.576882659620386, 79.16372432723774, 34.93042148621469, 30.66520029302133, 73.48424154028332, 41.251896079488326, 52.493579118241755, 60.045503753242116, 61.44752424189857, 45.48244830112371, 32.73941997702701, 42.50695369924918, 22.079487393061395, 17.776585062757338, 14.059259698217915, 24.848875053724452, 19.982012491538356, 19.905987299409954, 15.598712983058148, 27.686198093059318, 38.339656075494545, 47.31366139600222, 30.18782714580566, 23.812349199277218, 19.41317787711773, 19.043330054839803, 18.59199929832642, 16.377099803201943, 42.48733645817457, 13.711221161464376, 3.0730985663259727, 17.390186083298442, 34.0954625892161, 7.104821970413652, 5.264367150112873, 4.268526044836751, 0.3780080525478361, 6.841339740765521, 5.389881717863332, 33.7914219154799, 2.7031358792920948, 4.918897833149368, -13.778721244528125, -5.007971981137899, 13.961703043291635, 21.515432910544295, 1.2006498432005355, -3.0267804611296896, -6.430348762966695, -16.52743518872837, -12.012650509307182, -14.233033144862478, -20.308302505956057, -15.036150585042755, -21.30548650030125, -22.431140831753495, -14.861291973851099, -40.3214097732369]"
"[37, 44, 56, 5, 30, 34, 59, 54, 57, 27, 28, 26, 29, 51, 24, 50, 15, 41, 22, 40, 52, 16, 39, 38, 21, 43, 12, 19, 20, 47, 23, 58, 45, 36, 33, 9, 42, 53, 48, 49, 46, 35, 55, 17, 8, 0, 2, 10, 6, 18, 7, 4, 1, 11, 3, 14, 31, 13, 25, 32]","[56, 42, 3, 2, 47, 2, 2, 34, 5, 73, 81, 80, 63, 77, 15, 14, 2, 75, 6, 81, 6, 8, 73, 46, 14, 7, 1, 34, 19, 3, 1, 3, 3, 1, 1, 5, 27, 31, 46, 2, 2, 24, 2, 2, 13, 1, 2, 1, 11, 6, 13, 1, 2, 3, 2, 10, 1, 2, 1, 1]","[56.0, 62.371150283321896, 100.89302468710771, 117.2855206877328, 116.48378457074152, 1132.5095617479003, 131.89423352336254, 48.398031256629935, 39.40790621547635, 53.17031148887248, 60.75912753108731, 63.896507482371334, 54.273989782179584, 50.6814970727841, 48.402317948703995, 39.471972352647754, 34.04076407121444, 38.40694909208132, 36.554816993811215, 47.174170670659194, 35.24304480909302, 32.73588524595151, 31.31594128729568, 31.382833877899287, 43.06155075557241, 35.088545179541136, 27.16948879407407, 26.625556779200625, 24.109454443981036, 35.577449090350996, 20.743389236415, 21.439992056790082, 20.857158777811545, 18.23462126454268, 10.75120717434746, 17.421513981923134, 14.201002447145031, 10.389790020320177, 13.602314256135251, 9.149635442289268, 6.50182535285183, 10.099200991550928, 9.27316242680807, 8.194419021785835, 8.443153536323313, 6.559958587633467, 4.133076498545364, 4.073294560964392, 0.5035076311828455, -1.653367790708188, 1.6170089671769894, 0.9681748129422942, -2.9295347008904464, -5.618312843324382, -6.57776444810904, 0.3925014329989587, -0.7210902155682248, -14.071374243692514, -9.465731951142743]"
"[38, 41, 57, 48, 56, 23, 30, 50, 27, 28, 26, 47, 29, 51, 52, 34, 45, 40, 39, 24, 37, 54, 43, 16, 19, 20, 22, 44, 36, 33, 46, 42, 21, 53, 15, 8, 35, 9, 12, 49, 2, 7, 6, 17, 0, 4, 18, 14, 10, 1, 11, 25, 3, 55, 13, 31, 32, 58, 5, 59]","[46, 75, 5, 46, 3, 1, 47, 14, 73, 81, 80, 3, 63, 77, 6, 2, 3, 81, 73, 15, 56, 34, 7, 8, 34, 19, 6, 42, 1, 1, 2, 27, 14, 31, 2, 13, 24, 5, 1, 2, 2, 13, 11, 2, 1, 1, 6, 10, 1, 2, 3, 1, 2, 2, 2, 1, 1, 3, 2, 2]","[46.0, 123.1194176200568, 108.89529732199286, 173.23380463609277, 264.1571810038022, 177.1729724605662, 132.43082765311902, 54.15274118039366, 59.310410999408376, 58.663691429328075, 53.276373409122485, 58.313191189752246, 44.324289657997156, 38.144884227222605, 45.292187416357194, 57.6591139905067, 29.164930304859524, 30.55304074217763, 29.852739156688504, 26.81252687345411, 28.448972268720638, 22.93208169913604, 19.030397297919585, 18.23653950867586, 22.3098074963741, 21.351157077336165, 24.955596378226645, 19.340769376124765, 13.192608708955618, 15.52033361885023, 14.371942852548473, 14.179560940419492, 11.235931807475922, 6.9877523221455125, 6.553516901933614, 1.8863107160867667, -6.2583199182667215, -1.3392550445589935, -2.7872755791009514, -5.512426214989599, -5.661549565792152, -2.3302682669467014, -2.1807794115250445, -2.2339444262763664, -1.8135861782334977, -5.105315353889017, -4.674911436934064, -11.611878036815558, -7.313541851483947, -11.572668144356676, -20.825562302891186, -21.603819842706258, -18.26780359318635, -21.110728094506193, -12.546191384280453, -21.241518488014535, -14.784031879853703, -18.7244611020625, -16.4231641681629]"
"[39, 13, 56, 57, 48, 30, 7, 59, 50, 15, 27, 28, 26, 29, 51, 24, 37, 34, 22, 40, 52, 54, 41, 16, 38, 47, 21, 12, 36, 20, 44, 45, 19, 43, 23, 33, 42, 58, 53, 49, 9, 55, 46, 8, 0, 10, 35, 17, 18, 2, 6, 11, 1, 14, 4, 3, 31, 25, 5, 32]","[73, 2, 3, 5, 46, 47, 13, 2, 14, 2, 73, 81, 80, 63, 77, 15, 56, 2, 6, 81, 6, 34, 75, 8, 46, 3, 14, 1, 1, 19, 42, 3, 34, 7, 1, 1, 27, 3, 31, 2, 5, 2, 2, 13, 1, 1, 24, 2, 6, 2, 11, 3, 2, 10, 1, 2, 1, 1, 2, 1]","[73.0, 103.72916821373846, 181.13909338609824, 155.2207377210819, 331.4575280405529, 137.97132260936638, 777.7224005241777, 83.80817621827813, 49.157068551054124, 42.28479188463005, 53.65222692507592, 60.70486454036214, 64.29941566978268, 56.21916460782296, 56.122326246075076, 37.060922696780764, 39.56596115868028, 37.1884356059397, 33.55066813356295, 42.0724863848448, 37.06477649365415, 34.343820714870176, 35.167754466524244, 33.85793473553432, 29.981866500807776, 30.981825382877098, 27.065986356388102, 26.012546113814636, 45.661739915289886, 28.354618508475248, 28.82804474265958, 25.411394120676015, 23.708349709014232, 21.10694095733101, 22.602361305650895, 19.73113607840496, 15.437885684649293, 14.714726628924673, 12.967399663221414, 12.404192236367, 20.899231775288836, 9.734230161091915, 8.501818707036476, 7.622298471272051, 6.4893060061330345, 12.67233868229168, 7.704188868551311, 7.397202946836919, 5.955080723319076, 4.839570024740148, -2.484355759001904, 1.22718169814722, -1.3388736183661472, -1.234648381194063, -6.4192051490115105, -9.824509569280941, -5.477263873297538, -13.744200166222392, -4.686908000778253]"
"[40, 29, 45, 56, 25, 30, 20, 58, 50, 27, 28, 26, 51, 24, 52, 37, 15, 54, 57, 22, 19, 38, 23, 34, 39, 41, 47, 21, 12, 36, 16, 33, 53, 43, 44, 42, 48, 46, 17, 49, 35, 9, 8, 0, 55, 2, 10, 6, 4, 18, 1, 7, 11, 14, 3, 13, 31, 5, 32, 59]","[81, 63, 3, 3, 1, 47, 19, 3, 14, 73, 81, 80, 77, 15, 6, 56, 2, 34, 5, 6, 34, 46, 1, 2, 73, 75, 3, 14, 1, 1, 8, 1, 31, 7, 42, 27, 46, 2, 2, 2, 24, 5, 13, 1, 2, 2, 1, 11, 1, 6, 2, 13, 3, 10, 2, 2, 1, 2, 1, 2]","[81.0, 92.9224983375866, 191.4476217139695, 331.77156196898295, 194.7776015753605, 473.6451278805068, 410.07004843157847, 173.94353610622264, 58.90355559665393, 61.09630424166092, 64.39557527951726, 51.78484663613153, 42.48919535533077, 39.124385155854085, 34.325625071802, 38.39398304344016, 41.37426328508546, 31.97340399394025, 30.59972646726286, 41.55371134453973, 30.643557648145922, 39.69235549453224, 32.10188206468099, 26.81702335385689, 30.759394137071517, 26.48233105430333, 26.743037770784987, 21.266432413213224, 20.732871287012692, 18.516761126593337, 15.975168555721286, 16.455468845310076, 13.202971097513906, 12.076064577731817, 15.238721700039402, 13.244574129248932, 16.6527804969598, 32.96645163013383, 9.269218727283343, 7.918851879959984, 6.270418865792186, 4.3157871295871395, 3.9627181011821158, 20.181526672747907, 2.837464310605082, -4.833654074167736, -4.370847608310235, -17.320572317737977, -2.4472024689685536, -16.463643533718923, -9.54720090918795, -11.197678889604965, -9.147558494730305, -9.999381550941699, -21.429407875826758, -30.79567401817261, -17.193101085423123, -25.32598444856789, -31.771315666559108]"
"[41, 24, 45, 56, 34, 30, 52, 48, 27, 28, 51, 23, 26, 40, 47, 29, 54, 57, 39, 37, 44, 43, 38, 16, 19, 20, 22, 36, 21, 42, 33, 53, 50, 8, 15, 35, 46, 12, 9, 49, 2, 4, 6, 7, 0, 17, 18, 1, 10, 14, 11, 25, 55, 3, 13, 5, 58, 31, 32, 59]","[75, 15, 3, 3, 2, 47, 6, 46, 73, 81, 77, 1, 80, 81, 3, 63, 34, 5, 73, 56, 42, 7, 46, 8, 34, 19, 6, 1, 14, 27, 1, 31, 14, 13, 2, 24, 2, 1, 5, 2, 2, 1, 11, 13, 1, 2, 6, 2, 1, 10, 3, 1, 2, 2, 2, 2, 3, 1, 1, 2]","[75.0, 91.44850651951171, 200.9474908301977, 309.13045876078746, 277.92258832827514, 110.42050996673686, 625.4508888997386, 55.45066044357176, 60.345088604641205, 40.69059047334247, 50.325478452273074, 53.11108954354394, 32.929797150195874, 30.314238674894234, 30.860447188119736, 43.22653434529968, 35.90674971976432, 25.480968340192526, 20.07758107063658, 19.171041567081943, 24.66940044770525, 17.760127004915205, 27.558351027133345, 17.427938432510842, 22.118102405572095, 20.278437614541723, 16.130035737665747, 14.600919969580152, 14.436243688526602, 13.972581717740253, 12.423215070098184, 13.165186317949109, 2.9748737438208055, 7.816963375776799, 3.458056415957622, 3.123947934377045, -2.0091148531971808, -3.2992146607019652, 1.905874735002019, -5.483889570665903, -4.560987298838709, -4.6481328814239, -2.661848170684177, -5.62181382046219, -6.45156827309413, -6.405657829459381, -5.309544196389908, -4.517735732666484, -12.359093798465796, -15.199423107750896, -20.557782942186364, -10.44981334539736, -17.629334270466135, -16.7119451092799, -21.430780262863053, -12.709722646859205, -13.664859236614443, -6.9910433593299395, -38.25238946318338]"
"[42, 40, 56, 5, 30, 48, 23, 52, 45, 27, 26, 29, 28, 34, 51, 15, 24, 57, 16, 41, 47, 43, 39, 20, 37, 19, 22, 38, 54, 21, 36, 50, 44, 53, 33, 8, 46, 35, 12, 49, 17, 9, 4, 7, 6, 2, 0, 18, 1, 10, 14, 11, 25, 3, 13, 55, 31, 58, 32, 59]","[27, 81, 3, 2, 47, 46, 1, 6, 3, 73, 80, 63, 81, 2, 77, 2, 15, 5, 8, 75, 3, 7, 73, 19, 56, 34, 6, 46, 34, 14, 1, 14, 42, 31, 1, 13, 2, 24, 1, 2, 2, 5, 1, 13, 11, 2, 1, 6, 2, 1, 10, 3, 1, 2, 2, 2, 1, 3, 1, 2]","[27.0, 135.733848616763, 185.45977133173142, 180.1402395420765, 172.99558832704798, 219.69900196679865, 122.592566549868, 56.95013097215927, 49.605679961120295, 57.19973561100734, 67.68758924957059, 61.76714992814503, 85.7461813542732, 48.31381379899295, 40.05930846362846, 39.40845372855449, 52.910516186680894, 54.227349700751205, 32.015676903936026, 32.5906306211256, 24.067291251554607, 29.44111678562242, 29.59683435491802, 26.011655751485982, 26.411745856916628, 25.974108501377323, 24.46444390962836, 21.07382174269917, 25.515137863704226, 20.847110490986562, 18.964114369432554, 17.840569927760875, 24.282570638028872, 18.945378550311553, 15.570476793826291, 10.124284939145967, 16.75433495352713, 6.913032435747648, 3.938590241836244, 6.486724352813553, 1.8603322644655593, 0.743024737956377, 3.927091222769505, 3.5112970579113316, 9.644941437591578, 0.8054639272806554, -0.9601876446771787, -1.4004049035009967, -3.7171736602770657, -12.351836520332679, -13.356605074177985, -15.510000669610593, -18.28249516543125, -19.684511528340963, -14.069896872663286, -13.613114593652266, -19.773734854706696, 2.3013929373329596, -32.26765444611169]"
"[43, 2, 57, 45, 56, 59, 32, 50, 52, 7, 6, 14, 8, 16, 58, 11, 44, 42, 55, 9, 41, 30, 27, 28, 26, 29, 51, 24, 37, 15, 22, 40, 39, 38, 34, 54, 21, 19, 20, 47, 33, 12, 23, 53, 36, 46, 49, 10, 0, 17, 18, 48, 35, 4, 1, 3, 31, 13, 25, 5]","[7, 2, 5, 3, 3, 2, 1, 14, 6, 13, 11, 10, 13, 8, 3, 3, 42, 27, 2, 5, 75, 47, 73, 81, 80, 63, 77, 15, 56, 2, 6, 81, 73, 46, 2, 34, 14, 34, 19, 3, 1, 1, 1, 31, 1, 2, 2, 1, 1, 2, 6, 46, 24, 1, 2, 2, 1, 2, 1, 2]","[7.0, 9.088720727442961, 7.916866864219617, 44.38029602179043, 93.08698965529956, 131.30240933865971, 57.94210480103369, 12.053921365713258, 9.2591339368627, 8.95555200021711, 8.713689185146386, 7.442983859938186, 8.197964733479372, 7.412756245639924, 6.696997060774588, 6.115576276427937, 12.475049406147008, 12.526481581990966, 9.501675597382157, 7.875707642260592, 44.756945666562785, 42.30405612962174, 52.64652169445706, 59.2372266070808, 63.08542785168269, 52.978100759087084, 50.09411155754833, 37.20089882835597, 42.62480710734337, 38.18985165198591, 30.530068036605204, 33.075681012573696, 34.35400501369759, 33.055348953817756, 35.40716612197989, 32.02403402641702, 26.92835755309386, 25.99554794192123, 24.47832772824476, 22.061159578993642, 22.060323554323674, 21.384198119963674, 21.476706289659894, 19.349022451806764, 11.014298077153757, 10.067914072429293, 8.270859426979207, 7.433182636091738, 7.073120253608369, -0.7898609717633178, 2.970091705554559, 11.386029194060796, 1.2920782226361247, 0.32885834542441117, -5.459522985945988, -43.617594914066274, -7.495273217858998, -18.95385795503295, -14.863824765054733]"
"[44, 26, 17, 30, 56, 58, 57, 7, 15, 27, 28, 51, 29, 24, 52, 23, 12, 19, 41, 40, 50, 16, 39, 21, 54, 22, 43, 45, 38, 37, 47, 20, 33, 34, 53, 42, 36, 8, 46, 9, 6, 49, 48, 10, 35, 0, 2, 4, 18, 55, 1, 11, 14, 3, 31, 13, 25, 5, 32, 59]","[42, 80, 2, 47, 3, 3, 5, 13, 2, 73, 81, 77, 63, 15, 6, 1, 1, 34, 75, 81, 14, 8, 73, 14, 34, 6, 7, 3, 46, 56, 3, 19, 1, 2, 31, 27, 1, 13, 2, 5, 11, 2, 46, 1, 24, 1, 2, 1, 6, 2, 2, 3, 10, 2, 1, 2, 1, 2, 1, 2]","[42.0, 87.70496346950864, 85.73702626593948, 288.3034042748187, 1605.4720806511334, 3180.002433870467, 798.5037412268534, 85.35849217105775, 59.19027227791209, 62.13603476764164, 58.72514195314805, 60.029677411998705, 43.938522694792496, 45.99224564501907, 91.58239442412165, 44.909126868438264, 34.631902394023435, 28.455383110524604, 34.227044159530124, 38.0273352935356, 31.264431621026013, 32.59494549916671, 28.475759635785714, 27.965077816915084, 25.827398727665077, 22.258880574359488, 25.12291790172159, 22.669565915603197, 20.436137644384576, 24.1770955111489, 20.045601508272963, 19.26732816321241, 16.88530329136583, 15.347348046034764, 9.472176716181714, 8.11830074698156, 8.275192141431102, 14.380254189852979, 8.480279282181254, 4.593914631856575, 4.154634604257646, 1.4486320779501902, 3.742454681619236, 4.694183929960035, 5.333060328575826, 3.01679762630636, -19.601495189785684, 2.6674078028352604, 12.260421824148054, -9.710007970887297, -12.517522722313482, -12.714724450575336, -13.111515039289973, 43.73908286531484, -15.062539057661766, -16.778984841220286, -29.093761017546658, -24.31844105351871, -16.556738492429815]"
"[45, 17, 57, 55, 23, 56, 30, 58, 29, 27, 26, 28, 51, 54, 37, 15, 38, 34, 22, 39, 52, 40, 41, 50, 24, 16, 21, 47, 19, 20, 33, 36, 43, 44, 42, 12, 53, 9, 8, 46, 49, 48, 35, 0, 6, 2, 10, 7, 14, 4, 18, 1, 11, 3, 13, 31, 25, 32, 5, 59]","[3, 2, 5, 2, 1, 3, 47, 3, 63, 73, 80, 81, 77, 34, 56, 2, 46, 2, 6, 73, 6, 81, 75, 14, 15, 8, 14, 3, 34, 19, 1, 1, 7, 42, 27, 1, 31, 5, 13, 2, 2, 46, 24, 1, 11, 2, 1, 13, 10, 1, 6, 2, 3, 2, 2, 1, 1, 1, 2, 2]","[3.0, 2.9354928901977333, 4.598309667613933, 4.408879772771743, 20.10810993698046, 21.09599402820006, 177.05775493783102, 39.832490559637954, 47.89542506138275, 54.539722853891185, 58.498952321985854, 37.37439745640971, 23.20282656270207, 24.24686049113024, 37.84999743115688, 21.12737733462716, 21.610873076836455, 21.71314032769235, 17.88229282766325, 40.82517045846184, 25.360177199254963, 33.190925768988464, 32.649729024649716, 24.521077369153538, 25.800454539603138, 21.859597335943175, 20.225685414623705, 18.40493910049535, 17.629555113750726, 20.156338862216682, 17.53967550258363, 27.40259779715678, 13.105718149930777, 15.624068243452651, 13.235913751043407, 7.752964056880525, 5.113843136660181, 3.505630753602885, 4.697681810379732, 2.9557834687061266, 1.2065165070541237, 3.0178760471889046, 1.7051210547729454, 9.003114340031686, 0.3447141382999117, 1.7269280172569488, -6.70972967099139, -8.517620130275098, -2.232242150988288, -3.259546964473774, -2.6849452861083556, -4.2036585666084, -10.48901403081593, -21.169723291965923, -14.43620323089403, -31.562633130352083, -16.577233696918277, -5.533635420929983, -29.53237777528565]"
"[46, 57, 55, 45, 23, 30, 56, 29, 58, 27, 26, 28, 15, 51, 52, 22, 12, 24, 54, 34, 40, 41, 39, 50, 16, 38, 21, 37, 43, 47, 44, 42, 19, 33, 20, 53, 36, 9, 8, 49, 48, 35, 17, 0, 2, 18, 10, 6, 4, 7, 32, 1, 11, 14, 31, 3, 13, 25, 5, 59]","[2, 5, 2, 3, 1, 47, 3, 63, 3, 73, 80, 81, 2, 77, 6, 6, 1, 15, 34, 2, 81, 75, 73, 14, 8, 46, 14, 56, 7, 3, 42, 27, 34, 1, 19, 31, 1, 5, 13, 2, 46, 24, 2, 1, 2, 6, 1, 11, 1, 13, 1, 2, 3, 10, 1, 2, 2, 1, 2, 2]","[2.0, 4.4673565356423035, 4.3984994340166885, 6.473186220271015, 15.407817666750624, 75.44950560556245, 41.97380849259942, 59.35640493614809, 47.713501451222754, 54.49743672350708, 58.367984155412245, 42.75470111218002, 47.17137201782038, 26.14141830575742, 34.69688759758117, 26.015318549845155, 20.171920055132325, 23.25488862095589, 39.401750410795515, 19.99617378295116, 28.051377870822094, 32.821217509168804, 37.05332138947573, 22.424823931446248, 19.60030632207601, 31.829438452938817, 17.986809343190775, 20.178904302258548, 17.47043180173521, 15.561481748000876, 15.114375583397052, 16.678061274917358, 17.19695434290397, 13.377879975330261, 12.905396059019218, 9.412721159075453, 0.714152610771122, 3.3156147206669786, 1.3645849275373712, 5.2281113888930495, 4.334488160992528, 11.997243678768571, 1.705121054772933, -0.8319475534326486, 6.905801387306926, 0.731185936658914, -3.617826691766897, -8.978209277706725, -2.226294126773528, 51.503553330711156, -4.958389144570731, -3.3306297640197755, 2.041606812621769, 1.5535876772748374, -10.612172211440122, -13.855189924265545, -22.085370306272043, -29.935698153190856, -26.81670359556496]"
"[47, 22, 58, 23, 56, 25, 30, 29, 54, 27, 26, 28, 51, 37, 15, 36, 57, 24, 38, 34, 21, 17, 19, 20, 12, 41, 40, 52, 39, 16, 33, 50, 43, 45, 53, 49, 48, 44, 42, 35, 9, 0, 46, 55, 8, 2, 10, 6, 18, 7, 4, 1, 11, 3, 14, 13, 31, 32, 5, 59]","[3, 6, 3, 1, 3, 1, 47, 63, 34, 73, 80, 81, 77, 56, 2, 1, 5, 15, 46, 2, 14, 2, 34, 19, 1, 75, 81, 6, 73, 8, 1, 14, 7, 3, 31, 2, 46, 42, 27, 24, 5, 1, 2, 2, 13, 2, 1, 11, 6, 13, 1, 2, 3, 2, 10, 2, 1, 1, 2, 2]","[3.0, 6.332760848541161, 6.331341978637722, 22.22021727732667, 17.214100851677824, 23.858177913648685, 40.672818594272, 53.13009703206775, 47.050004025832294, 54.19238316529187, 58.01611290661437, 37.22574071452031, 33.78650071140261, 31.381892336247777, 20.896267271305703, 33.966143573744695, 18.823567124910102, 17.738309780360055, 18.72216166335344, 18.693815020234627, 15.175550317103749, 17.31698289776675, 13.44902302290122, 10.289082512561706, 8.621007708956508, 29.702052355187263, 44.42910797944442, 25.101474679354467, 28.948526594376105, 19.634517678371097, 11.827650361610505, 14.754469762969164, 14.803508694357301, 25.39667120780116, 9.476014762025349, 9.927778659820966, 12.612644641303483, 11.553832602460648, 9.184097429639117, -0.1880758320959277, -2.1925437855197636, 6.719030516126524, 0.2623003281373073, 4.357715562327163, 2.8374643106051014, -0.45828606011207995, 1.4516282349359564, -12.621273099694992, 11.98539322465361, -0.6323125850612676, -1.020686698719274, -7.216353693667308, -10.396011432354037, -8.759320394401392, -12.06486662969813, -11.614415115485606, -9.389212428682441, -17.04183485087538, -35.303734735004745]"
"[48, 35, 16, 34, 45, 5, 59, 50, 47, 25, 44, 55, 43, 42, 36, 14, 9, 46, 4, 7, 13, 8, 52, 6, 1, 15, 0, 2, 30, 54, 27, 28, 20, 26, 29, 51, 24, 57, 22, 21, 37, 19, 38, 39, 40, 56, 41, 23, 12, 33, 49, 58, 53, 17, 18, 10, 11, 3, 31, 32]","[46, 24, 8, 2, 3, 2, 2, 14, 3, 1, 42, 2, 7, 27, 1, 10, 5, 2, 1, 13, 2, 13, 6, 11, 2, 2, 1, 2, 47, 34, 73, 81, 19, 80, 63, 77, 15, 5, 6, 14, 56, 34, 46, 73, 81, 3, 75, 1, 1, 1, 2, 3, 31, 2, 6, 1, 3, 2, 1, 1]","[46.0, 59.4579922154231, 46.57230796195533, 72.8169094953453, 232.41520092995032, 1308.273520828182, 595.2766810002703, 21.710084300053495, 10.340678747116968, -1.1025620676835501, 29.024446770373487, 17.903984036371696, 12.510146389328185, 4.713369961256227, 3.748883623698397, -2.0460352670452124, -1.020924276360411, -0.986563253331088, -1.6037827356066252, -0.23849614576357325, -0.8879016432696645, 0.7688487578583576, 0.1673443941965722, 1.3130748097276044, 10.376430377354273, -5.757505883033739, 0.17826175234846708, 102.02175592401636, 37.56452796284002, 37.966443871866325, 40.27141932306899, 46.713752677080194, 55.57719103650778, 53.585692747724686, 53.49309653840061, 47.16332645944259, 40.51839783840005, 35.52392137573071, 32.02285414146168, 28.144679807541714, 25.59417014197304, 27.365690482179332, 27.45345926772564, 30.345226690351538, 53.02718810934701, 30.220662236150048, 25.974346029448213, 33.51471541733506, 15.371364527885058, 15.085405598528041, 11.147172667452761, 16.583682787013313, 21.888947708071655, 9.524808841516075, 7.6004268961422525, 3.7959967879466383, -3.7211156033221116, -5.92908392021776, -9.959494441557815]"
"[49, 4, 56, 58, 17, 59, 29, 30, 54, 27, 26, 28, 51, 57, 15, 24, 22, 37, 38, 34, 39, 52, 40, 41, 50, 16, 21, 47, 43, 19, 20, 12, 44, 42, 45, 33, 23, 55, 36, 53, 9, 8, 46, 10, 0, 48, 35, 6, 2, 7, 1, 11, 18, 14, 3, 31, 13, 25, 5, 32]","[2, 1, 3, 3, 2, 2, 63, 47, 34, 73, 80, 81, 77, 5, 2, 15, 6, 56, 46, 2, 73, 6, 81, 75, 14, 8, 14, 3, 7, 34, 19, 1, 42, 27, 3, 1, 1, 2, 1, 31, 5, 13, 2, 1, 1, 46, 24, 11, 2, 13, 2, 3, 6, 10, 2, 1, 2, 1, 2, 1]","[2.0, 5.093477989909558, 2.496749114518322, 2.479822680167146, 2.524869804266706, 3.522221771185509, 76.39824265790404, 50.88426177457184, 48.77735693774158, 54.32607400568871, 59.33610653662703, 43.187580344692236, 57.64759407626066, 32.23148829011423, 34.28034113684683, 25.436699660935798, 22.641144293200384, 24.74741351074704, 27.02139203205428, 20.45178845069986, 42.15900353943266, 27.439559285491654, 35.6303036920463, 40.74466330573561, 29.9031167964324, 23.437464182383444, 23.212863041403587, 20.530966773030208, 19.84525621803697, 19.432575342551644, 19.436704850913582, 17.393988760191768, 21.09646483475089, 21.060347290552695, 17.769241375539792, 14.58836359055737, 41.61053353627818, 12.845320122673193, 12.357243763740232, 8.99307978529515, 4.948470330024827, 5.814493441173735, 3.596261648712966, 2.6574314888761243, 2.5860579888399684, 4.401177841763207, 2.8341882304917156, 3.657452673823304, -3.866279837108827, -7.649272268882381, -3.4372387580243746, -3.0841904572591723, -5.878193808832865, -7.4363410580076135, -8.193548244276833, -13.825659726404957, -26.08948916484723, -24.747555883981672, -13.789228652180988]"
"[50, 31, 59, 45, 34, 5, 52, 30, 27, 28, 51, 24, 29, 26, 58, 22, 54, 57, 15, 21, 37, 56, 38, 19, 20, 23, 12, 36, 40, 41, 39, 16, 47, 33, 43, 53, 44, 42, 9, 49, 8, 46, 48, 0, 17, 35, 55, 2, 10, 6, 18, 7, 4, 11, 14, 1, 3, 13, 25, 32]","[14, 1, 2, 3, 2, 2, 6, 47, 73, 81, 77, 15, 63, 80, 3, 6, 34, 5, 2, 14, 56, 3, 46, 34, 19, 1, 1, 1, 81, 75, 73, 8, 3, 1, 7, 31, 42, 27, 5, 2, 13, 2, 46, 1, 2, 24, 2, 2, 1, 11, 6, 13, 1, 3, 10, 2, 2, 2, 1, 1]","[14.0, 27.574784307773893, 19.68337855167974, 24.27091445284921, 28.77120876847487, 15.2168316986954, 58.20800648362797, 40.77381064655443, 54.33165320939618, 64.28865641032404, 64.12578420228618, 61.69523577654244, 60.79928366068922, 49.11012429114865, 39.88620082399639, 30.66131415967402, 30.171641888050672, 31.641965393885357, 30.971073812939018, 27.700954115083874, 34.097405798976716, 25.32066767897156, 24.53502787471014, 24.54393241728536, 22.374192839875022, 23.24213619427153, 21.178932719174426, 20.737998035228564, 27.892572637429495, 31.240995279454324, 26.898498580244123, 21.64496229866596, 19.386131087054103, 16.671740676410458, 15.87793050544998, 14.87085439306641, 17.84474743584531, 13.260694545506032, 12.546672099228626, 10.344387077617691, 10.296267604117837, 9.02673193833946, 10.804043455159768, 10.113637579679358, 8.891743362054253, 10.037983880571208, 7.453974900307628, 7.568030648684042, 2.502152671124037, -0.18522467272774534, 5.127458422199975, -0.1795457968597951, -3.084735722000314, -6.578350575619268, 9.944628204683735, -11.068443474371385, -21.24865492947695, -12.072493401885275, -3.0637874986741593]"
"[51, 15, 23, 56, 57, 30, 58, 50, 27, 28, 26, 29, 52, 24, 21, 22, 40, 41, 39, 16, 54, 38, 37, 34, 47, 19, 20, 43, 33, 36, 44, 45, 42, 12, 53, 9, 8, 46, 49, 6, 10, 0, 48, 35, 17, 2, 55, 7, 18, 4, 1, 11, 14, 3, 13, 25, 31, 32, 5, 59]","[77, 2, 1, 3, 5, 47, 3, 14, 73, 81, 80, 63, 6, 15, 14, 6, 81, 75, 73, 8, 34, 46, 56, 2, 3, 34, 19, 7, 1, 1, 42, 3, 27, 1, 31, 5, 13, 2, 2, 11, 1, 1, 46, 24, 2, 2, 2, 13, 6, 1, 2, 3, 10, 2, 2, 1, 1, 1, 2, 2]","[77.0, 80.32858946383075, 162.2209771427208, 143.6639327275698, 129.71249436480787, 1131.9736136415945, 274.0016694202369, 58.834718225175266, 62.341639343046495, 65.15730767246863, 64.003726778583, 32.52177729143191, 24.870356886879524, 19.711981600324297, 18.19101012401597, 17.03166325266658, 26.662108723047076, 29.92734525386947, 30.191350851785472, 17.123495940778383, 18.506482666120185, 20.884924386319597, 27.894179528812135, 21.246889793687828, 16.696433331737058, 16.914839029494733, 23.107189375033208, 16.101708037739098, 28.16108602581876, 13.701614438412827, 17.60158416088953, 14.101961667274796, 13.493352674465083, 12.5214400700271, 5.181171296253742, 4.127001168189574, 4.009608416799126, 1.425042739486642, 0.019870831541553002, 0.9020564426105455, -1.2342092966529936, -1.8017566197790629, 1.8562929175778748, 14.763731380526066, -1.0328303446487723, 4.1838484199429065, -4.845655523954065, -0.1015413664065754, -3.391599580488137, -1.872003411690958, -7.533478153878548, -9.90499987523954, -11.784447806361708, -14.477760469311399, 3.8396328551869168, 3.042088968623318, -0.07370149424041372, -19.21662557071569, -30.2326365396769]"
"[52, 17, 45, 56, 34, 23, 5, 58, 50, 7, 6, 8, 16, 14, 46, 11, 10, 53, 33, 41, 30, 27, 28, 26, 29, 51, 24, 22, 40, 19, 39, 57, 21, 38, 12, 15, 20, 37, 47, 54, 44, 43, 42, 9, 36, 49, 0, 48, 2, 35, 18, 4, 1, 55, 3, 13, 25, 31, 32, 59]","[6, 2, 3, 3, 2, 1, 2, 3, 14, 13, 11, 13, 8, 10, 2, 3, 1, 31, 1, 75, 47, 73, 81, 80, 63, 77, 15, 6, 81, 34, 73, 5, 14, 46, 1, 2, 19, 56, 3, 34, 42, 7, 27, 5, 1, 2, 1, 46, 2, 24, 6, 1, 2, 2, 2, 2, 1, 1, 1, 2]","[6.0, 6.222372751050592, 7.162047100519308, 8.871213989642218, 7.961237407674748, 13.531166013050836, 29.16598339648902, 5.473944269536, 8.943044451791566, 9.272879103407789, 9.586124796126263, 8.887220426669494, 8.575724389701456, 8.434065027975128, 7.400474908767364, 6.8203400291232095, 6.648999232087762, 10.289914748236658, 7.561652859948673, 33.405118943474584, 40.67000419048345, 51.09661402470522, 56.407297816099074, 57.5487278965649, 55.97126038985529, 42.33178385889224, 38.55820919755139, 29.63765159449663, 31.423628130118257, 31.203388728144404, 39.70858323401079, 27.8871026949003, 24.14610189496141, 24.932942232618053, 24.808381047622724, 24.675954237676017, 18.749062213449417, 22.15652855972865, 21.07162038591647, 15.650162551217063, 19.377367961840992, 16.20807842341429, 12.542898711603211, 9.941997912752868, 8.074075469952714, 7.1774989074007856, 7.8919674572047445, 6.14723011204021, 10.80142007669874, 4.804405870840721, -3.267545160138855, 3.458015170369027, 0.22324057629667493, -10.178655226228386, -14.311857513362721, -28.452932282844994, -10.978323550124419, -30.39774539269751, -28.66526570064702]"
"[53, 39, 57, 15, 56, 48, 30, 52, 23, 45, 27, 28, 26, 29, 51, 40, 41, 47, 24, 54, 37, 34, 44, 43, 38, 16, 19, 20, 22, 33, 21, 42, 36, 50, 8, 35, 46, 7, 12, 9, 49, 4, 2, 6, 0, 10, 17, 18, 1, 14, 11, 25, 3, 55, 32, 31, 13, 5, 58, 59]","[31, 73, 5, 2, 3, 46, 47, 6, 1, 3, 73, 81, 80, 63, 77, 81, 75, 3, 15, 34, 56, 2, 42, 7, 46, 8, 34, 19, 6, 1, 14, 27, 1, 14, 13, 24, 2, 13, 1, 5, 2, 1, 2, 11, 1, 1, 2, 6, 2, 10, 3, 1, 2, 2, 1, 1, 2, 2, 3, 2]","[31.0, 160.62709489082934, 163.99022226993742, 147.8904354696994, 174.05472786295041, 379.9920797198577, 142.81059217284118, 89.19065093604448, 48.186489063148095, 46.83429456041321, 55.67827579951714, 58.31517046933903, 52.14763727141373, 45.96994874231224, 33.56465496631267, 41.49077226294973, 41.15354891406015, 31.82719824229667, 31.600203768107843, 26.514308086538104, 33.07228291248737, 19.864907161394264, 24.58611799630557, 19.76110512594098, 19.186789195801303, 20.450650156271138, 24.13336486250391, 19.624672953676715, 17.20534160861625, 16.43080699187778, 14.15567345970226, 12.998348624876215, 12.142302238257237, 7.033311099505228, 3.896383174642569, -1.877506500956116, -3.5520504202572347, -1.6397996766805072, -0.5366773428958922, -1.5144761402001166, -2.525850003144597, 0.4737757941278713, -2.421750454377012, -5.9316514909347, -7.0655329884927305, -2.5680545912634507, -6.814295538274681, -6.688540777282583, -12.332582550602346, -13.015532845396315, -19.81250466170475, -20.655133167559764, -19.2961258857705, 6.972980801373843, 9.369030902319592, -16.29818092887262, -16.677483721605306, -30.374025840894422, -23.877964036890145]"
"[54, 59, 56, 57, 48, 30, 15, 18, 29, 37, 25, 26, 28, 27, 36, 51, 22, 17, 38, 34, 24, 21, 58, 19, 23, 20, 39, 40, 50, 52, 41, 16, 47, 12, 43, 44, 45, 42, 33, 53, 49, 55, 9, 35, 46, 0, 8, 2, 10, 6, 4, 1, 11, 7, 3, 14, 13, 31, 32, 5]","[34, 2, 3, 5, 46, 47, 2, 6, 63, 56, 1, 80, 81, 73, 1, 77, 6, 2, 46, 2, 15, 14, 3, 34, 1, 19, 73, 81, 14, 6, 75, 8, 3, 1, 7, 42, 3, 27, 1, 31, 2, 2, 5, 24, 2, 1, 13, 2, 1, 11, 1, 2, 3, 13, 2, 10, 2, 1, 1, 2]","[34.0, 36.54948719528285, 41.412623400618244, 163.92228832653038, 66.73440203659854, 61.396200613358346, 132.31539142463166, 43.38557531404778, 44.842455863977676, 45.36824361927911, 44.561945773784174, 46.37859149023461, 59.28434565931125, 31.58042876024014, 35.30266782389607, 29.05767717209055, 22.444398561213518, 21.246572665318453, 27.09977649113022, 17.50579340294706, 17.132119231310746, 14.131002977193146, 12.541497996893868, 14.998799006503333, 11.350820132388499, 11.78678697818878, 35.971819336532434, 59.495386004077446, 38.58488816821203, 32.52796101865252, 34.647040771088726, 28.202056403618514, 23.980289716948704, 22.59060476168259, 19.119754946778887, 22.910509598484573, 19.536876015276423, 16.070392140851553, 11.70739195288247, 12.24797851868857, 10.89045297617492, 9.252396313829035, 8.566776221477927, 6.952715294598592, 5.779326425879919, 3.7839764105991893, 4.466954719876984, 3.8435858655269968, -1.0941669503296723, -1.5628663315573554, -1.943238041717862, -3.470204494969188, 3.499963963621319, -3.7870043576854115, -8.255054590520036, -16.48183997718988, -11.140496962789527, -16.773754090598796, -12.947380496860415]"
"[55, 5, 0, 57, 45, 23, 58, 7, 14, 50, 52, 6, 8, 11, 16, 9, 44, 43, 42, 41, 30, 27, 26, 28, 29, 51, 56, 24, 15, 40, 39, 22, 38, 37, 34, 54, 12, 21, 19, 20, 53, 47, 33, 36, 46, 10, 49, 48, 18, 17, 35, 2, 4, 1, 3, 25, 31, 13, 32, 59]","[2, 2, 1, 5, 3, 1, 3, 13, 10, 14, 6, 11, 13, 3, 8, 5, 42, 7, 27, 75, 47, 73, 80, 81, 63, 77, 3, 15, 2, 81, 73, 6, 46, 56, 2, 34, 1, 14, 34, 19, 31, 3, 1, 1, 2, 1, 2, 46, 6, 2, 24, 2, 1, 2, 2, 1, 1, 2, 1, 2]","[2.0, 2.0, 2.5231184059902394, 4.226547146237889, 5.597066423857949, 14.143744384286805, 13.855780279796086, 10.750123419736022, 10.497099561220024, 14.556929820759956, 10.311648427669418, 8.257595894401446, 7.557497157467526, 6.612091424990243, 5.794733614800597, 5.5477277891403824, 12.792278821523361, 10.709271215916122, 7.844355217982515, 35.54413869312421, 41.88119760447012, 52.29859955101564, 58.83602614354562, 62.92213022169087, 46.400718870959565, 44.36896067686587, 35.51203922116784, 34.335497855511605, 31.12769242582207, 32.721861745607434, 31.397357366907382, 28.109002776371607, 30.20146238589907, 33.79808202619353, 40.028694439308644, 29.243823370726126, 29.092003642685974, 25.924422258636483, 25.430396460560395, 33.699716940786885, 25.169540763499747, 22.929892978769942, 13.339840044832888, 10.709949063174173, 9.431731780027683, 7.627247357530159, 5.817309668283777, 23.195204939948454, 41.72535247422191, 12.32240065901803, 6.711978641342531, 0.8260473635810293, -2.036108616323574, -9.627072122844552, -22.738743284634147, 9.212703707053393, -30.527264804956936, -22.423806598947728, -29.147083033116406]"
"[56, 54, 57, 15, 48, 45, 30, 27, 28, 23, 26, 29, 51, 37, 36, 34, 24, 41, 40, 52, 47, 39, 44, 43, 20, 38, 42, 16, 19, 22, 33, 21, 53, 50, 8, 46, 35, 12, 4, 9, 49, 2, 6, 7, 17, 0, 18, 1, 10, 14, 11, 25, 3, 55, 13, 31, 32, 5, 58, 59]","[3, 34, 5, 2, 46, 3, 47, 73, 81, 1, 80, 63, 77, 56, 1, 2, 15, 75, 81, 6, 3, 73, 42, 7, 19, 46, 27, 8, 34, 6, 1, 14, 31, 14, 13, 2, 24, 1, 1, 5, 2, 2, 11, 13, 2, 1, 6, 2, 1, 10, 3, 1, 2, 2, 2, 1, 1, 2, 3, 2]","[3.0, 41.34630437602489, 175.8057716353114, 76.9436315741379, 42.08809340958682, 173.12038202655296, 37.05137150624658, 52.72605456024752, 125.50318167960491, 56.43659658164962, 53.420606017375, 41.079976543169565, 34.29330092959934, 28.707360696960734, 18.3668373946658, 15.995397067657514, 17.33355978350994, 38.90534125352519, 63.83372050143945, 28.38915966996015, 25.31804859920107, 21.05098497411911, 28.758531049807765, 20.379942739735803, 16.682725880050555, 16.131191682740518, 19.419431634870982, 17.751050467708353, 17.575182394007527, 16.875331439356884, 13.094816370534607, 11.134473464743689, 12.478388422097495, 6.797447934648135, 10.764581804553773, 1.850692463777945, -0.0969734500275592, -2.9032106134052587, -1.4861221598157357, -2.0549377395849167, -3.821927943897836, -4.629708784405452, -4.2250354826345635, -3.136931271597941, -3.9854995485853664, -6.704976280656954, -5.997544019105048, -6.158452814803351, -12.795582026424512, -13.513400776826867, -20.636004854885766, -21.755464575108494, -19.96265522088385, -18.26954268241088, -17.633932245996185, -15.166777279705691, -15.487359259652763, -22.008590055549398, -32.91289256615069]"
"[57, 2, 55, 45, 23, 58, 30, 29, 56, 27, 26, 28, 15, 51, 52, 24, 22, 54, 40, 41, 50, 39, 16, 38, 37, 12, 19, 34, 21, 33, 47, 20, 43, 36, 44, 42, 53, 9, 8, 46, 49, 6, 10, 48, 35, 0, 17, 7, 4, 18, 1, 14, 11, 3, 25, 13, 31, 5, 32, 59]","[5, 2, 2, 3, 1, 3, 47, 63, 3, 73, 80, 81, 2, 77, 6, 15, 6, 34, 81, 75, 14, 73, 8, 46, 56, 1, 34, 2, 14, 1, 3, 19, 7, 1, 42, 27, 31, 5, 13, 2, 2, 11, 1, 46, 24, 1, 2, 13, 1, 6, 2, 10, 3, 2, 1, 2, 1, 2, 1, 2]","[5.0, 4.469913868713954, 4.48683615701478, 6.256295722353287, 15.800265817168514, 22.829187318057585, 42.533900764887, 122.57715162732408, 47.54128236994746, 54.46583156562523, 58.27749634095284, 41.768167098549455, 46.8529835475351, 25.9626664063949, 25.384317764959523, 28.3233489443543, 23.01224879069725, 18.836876358856845, 28.877541766823477, 34.364791558471104, 31.40617956843097, 26.76569344466221, 22.017233713380115, 22.022190942873415, 56.62794363854698, 25.57674090354387, 26.69397086214993, 23.889705162277316, 20.376826066144677, 20.571840586080064, 16.299008157556546, 14.885009465157882, 14.914979969227137, 12.48842240940093, -0.39490748661387265, 12.881625067114175, 4.483078755596461, 4.237672010615414, 10.339290869758047, 2.507879271962622, 1.002723718938821, 4.408239913848024, -0.0607322045235108, 3.7531651266791854, 4.540980766096155, 0.9043895674093463, -8.677248016697671, -3.535695096136225, -8.241961257415088, -2.94063564619095, -0.7071123103466093, -5.858821121829642, -13.32444357120901, -41.01854942049029, -14.46315758298445, -8.132690650836587, -39.23302998762877, 3.40168290860019, -30.966733762084324]"
"[58, 37, 56, 45, 25, 30, 15, 55, 29, 27, 28, 51, 24, 26, 54, 22, 57, 38, 34, 21, 36, 19, 23, 20, 17, 39, 41, 52, 40, 50, 47, 12, 33, 16, 53, 43, 44, 42, 48, 49, 35, 9, 46, 8, 0, 2, 10, 4, 6, 1, 18, 7, 11, 3, 14, 13, 31, 5, 32, 59]","[3, 56, 3, 3, 1, 47, 2, 2, 63, 73, 81, 77, 15, 80, 34, 6, 5, 46, 2, 14, 1, 34, 1, 19, 2, 73, 75, 6, 81, 14, 3, 1, 1, 8, 31, 7, 42, 27, 46, 2, 24, 5, 2, 13, 1, 2, 1, 1, 11, 2, 6, 13, 3, 2, 10, 2, 1, 2, 1, 2]","[3.0, 64.32075915875899, 96.79352409139963, 111.3765192324417, 152.8645388898465, 142.03142811390077, 204.19726500723942, 47.82220699205752, 53.14417231469327, 59.149305641996605, 62.96608328440556, 69.56572330864637, 64.42055865179664, 40.08944104019334, 32.12858211258255, 25.9411222396648, 22.14237920153544, 25.752804652664377, 22.19900428049257, 63.35811483091215, 18.38050939293642, 18.476624421334055, 15.451750971968906, 14.44630427495511, 14.649265002349527, 32.84038923977364, 49.27402984622056, 31.990558080967354, 27.03472682245071, 24.832075212462684, 26.941866760629033, 28.06104386905289, 15.570676930232002, 20.3263124668721, 14.502458440739924, 13.115657536895378, 15.873749653141711, 13.25531198218906, 10.156571451555443, 7.530545642488333, 7.368297607138388, 6.2764045234039365, 4.499109062122724, 5.510983600626211, 1.932300846153737, -2.2922051883702608, -9.176647552437029, 4.535877784588969, -10.39814922459015, 7.772981270865895, -13.938137800082597, -3.386093933432125, -10.698724733304658, -11.232370820804672, -9.902685077065108, -10.519249520422697, -22.496230880088863, -13.953305618433582, -26.685099509846932]"
"[59, 14, 48, 56, 15, 45, 34, 18, 25, 55, 35, 36, 47, 5, 44, 43, 42, 54, 57, 37, 30, 27, 28, 26, 29, 51, 24, 22, 21, 38, 12, 19, 20, 23, 40, 41, 52, 39, 16, 50, 33, 49, 53, 9, 46, 17, 8, 0, 2, 10, 6, 58, 4, 7, 1, 11, 3, 31, 13, 32]","[2, 10, 46, 3, 2, 3, 2, 6, 1, 2, 24, 1, 3, 2, 42, 7, 27, 34, 5, 56, 47, 73, 81, 80, 63, 77, 15, 6, 14, 46, 1, 34, 19, 1, 81, 75, 6, 73, 8, 14, 1, 2, 31, 5, 2, 2, 13, 1, 2, 1, 11, 3, 1, 13, 2, 3, 2, 1, 2, 1]","[2.0, 11.415500215723974, 63.18102881438328, 43.64402990455455, 102.59129993465278, 39.87552653015127, 189.9858027194002, 61.43121389510797, 21.479774936901673, 12.763512319017767, 12.715257409542925, 11.10995713114639, 10.350347531751886, 9.581668767591793, 19.479673421985872, 15.790248780274846, 18.06727981749528, 24.704478577247524, 9.452136749778678, 25.894418384387762, 35.95278244311725, 48.0966240381733, 55.40839735622082, 60.14673822870235, 52.781108333047115, 45.38150455108382, 34.24404887380572, 28.610771241654483, 26.848415621549535, 27.93233672174275, 25.489314123528764, 25.71272010806456, 27.675157863042024, 25.759493631481014, 35.684391118531664, 41.00464440367903, 29.78911688833923, 29.749748345389392, 24.518048552753434, 19.353093641261108, 16.778550256559896, 14.965447325787665, 14.134928530765787, 12.170580765900826, 12.32613917251155, 10.515347307592567, 10.745329896065007, 10.266084657709921, 7.856218014402495, 3.6547667530607857, 4.1906926099272646, 1.47384164978169, 2.7989030410811004, 2.503256030711846, 0.9371084347916003, -6.063097876611469, -3.4586655334868155, -16.191125435084132, -10.214578237641831]"
